Terminal,Date,CruiseLine,EmbarkPAX,DebarkPAX,In-TransitPAX,TotalPAX,SPConnect,Usage(kWh),"ConnectionDuration 
",SPNote,Nox(MT),SO2(MT),PM2.5(MT),CO2(MT),CO2eq(MT),CarEq
BCT,3/8/2022,Oceanic Cruises,498,493,1076,2067,No,0,0:00:00,No connection due to feeder out of service,0.00,0.00,0.00,0.00,0.00,
BCT,3/27/2022,Pacific Cruises,255,452,1025,1732,No,0,0:00:00,No connection due to feeder out of service,0.00,0.00,0.00,0.00,0.00,
BCT,4/17/2022,Pacific Cruises,416,220,1104,1740,No,0,0:00:00,No connection due to feeder out of service,0.00,0.00,0.00,0.00,0.00,
BCT,4/24/2022,Arctic Cruises,0,0,98,98,N/A,0,0:00:00,N/A,0.00,0.00,0.00,0.00,0.00,
BCT,5/1/2022,Arctic Cruises,1334,1338,272,2944,Yes,46393,5:57:22,N/A,0.12,0.02,0.01,19.64,20.03,4.60
BCT,5/15/2022,Oceanic Cruises,1346,1511,313,3170,Yes,43033,5:52:34,N/A,0.11,0.02,0.01,18.22,18.58,4.20
BCT,6/5/2022,Arctic Cruises,1637,1543,262,3442,Yes,26637,3:45:57,N/A,0.07,0.01,0.00,11.28,11.50,2.60
BCT,7/1/2022,Atlantic Cruises,1466,1549,396,3411,Yes,58271,6:50:33,N/A,0.15,0.02,0.01,24.67,25.16,5.80
BCT,7/8/2022,Atlantic Cruises,1399,1447,404,3250,Yes,58067,7:03:02,N/A,0.15,0.02,0.01,24.59,25.07,5.80
BCT,7/27/2022,Oceanic Cruises,16,14,2605,2635,N/A,0,0:00:00,N/A,0.00,0.00,0.00,0.00,0.00,
BCT,8/5/2022,Pacific Cruises,2555,2372,97,5024,N/A,0,0:00:00,N/A,0.00,0.00,0.00,0.00,0.00,6.40
BCT,8/5/2022,Pacific Cruises,1615,1751,329,3695,Yes,64907,7:21:30,N/A,0.16,0.03,0.01,27.48,28.03,6.40
BCT,8/28/2022,Arctic Cruises,1773,1795,264,3832,Yes,55951,6:30:16,N/A,0.14,0.02,0.01,23.69,24.16,5.50
BCT,8/31/2022,Atlantic Cruises,1865,2565,91,4521,N/A,0,0:00:00,N/A,0.00,0.00,0.00,0.00,0.00,
BCT,9/17/2022,Pacific Cruises,1878,1976,60,3914,N/A,0,0:00:00,N/A,0.00,0.00,0.00,0.00,0.00,
BCT,9/17/2022,Pacific Cruises,3025,2253,62,5340,N/A,0,0:00:00,N/A,0.00,0.00,0.00,0.00,0.00,
BCT,9/23/2022,Atlantic Cruises,1337,1457,660,3454,Yes,38519,4:42:48,N/A,0.10,0.02,0.01,16.31,16.63,3.80
BCT,9/24/2022,Pacific Cruises,2905,3037,38,5980,N/A,0,0:00:00,N/A,0.00,0.00,0.00,0.00,0.00,
BCT,10/1/2022,Pacific Cruises,2911,2916,26,5853,N/A,0,0:00:00,N/A,0.00,0.00,0.00,0.00,0.00,
BCT,10/6/2022,Oceanic Cruises,304,159,2910,3373,N/A,0,0:00:00,N/A,0.00,0.00,0.00,0.00,0.00,
BCT,10/7/2022,Atlantic Cruises,1387,1320,798,3505,N/A,0,0:00:00,N/A,0.00,0.00,0.00,0.00,0.00,
BCT,10/8/2022,Pacific Cruises,3126,2915,21,6062,N/A,0,0:00:00,N/A,0.00,0.00,0.00,0.00,0.00,
BCT,10/10/2022,Arctic Cruises,2001,1743,28,3772,N/A,0,0:00:00,N/A,0.00,0.00,0.00,0.00,0.00,
BCT,10/15/2022,Pacific Cruises,2703,3112,31,5846,N/A,0,0:00:00,N/A,0.00,0.00,0.00,0.00,0.00,
BCT,10/22/2022,Arctic Cruises,2056,2686,41,4783,N/A,0,0:00:00,N/A,0.00,0.00,0.00,0.00,0.00,
BCT,10/25/2022,Arctic Cruises,1867,1910,271,4048,Yes,39519,5:15:26,N/A,0.10,0.02,0.01,16.73,17.07,2.80
BCT,10/29/2022,Oceanic Cruises,1669,2072,23,3764,N/A,0,0:00:00,N/A,0.00,0.00,0.00,0.00,0.00,
BCT,10/30/2022,Atlantic Cruises,2,20,1961,1983,N/A,0,0:00:00,N/A,0.00,0.00,0.00,0.00,0.00,
BCT,11/5/2022,Arctic Cruises,2739,1593,105,4437,N/A,0,0:00:00,N/A,0.00,0.00,0.00,0.00,0.00,
BCT,11/20/2022,Atlantic Cruises,1661,1618,587,3866,Yes,40149,5:20:48,N/A,0.10,0.02,0.01,17.00,17.34,4.00
BCT,12/3/2022,Pacific Cruises,1643,1699,538,3880,N/A,0,0:00:00,N/A,0.00,0.00,0.00,0.00,0.00,
BCT,12/22/2022,Arctic Cruises,1395,1323,883,3601,Yes,40771,5:33:37,N/A,0.10,0.02,0.01,17.26,17.61,4.00
BCT,1/3/2023,Oceanic Cruises,1332,1449,832,3613,Yes,49091,6:30:17,N/A,0.12,0.02,0.01,20.79,21.20,4.80
BCT,4/22/2023,Atlantic Cruises,4557,3349,0,7906,N/A,0,0:00:00,N/A,0.00,0.00,0.00,0.00,0.00,
BCT,4/29/2023,Pacific Cruises,4300,4448,1,8749,N/A,0,0:00:00,N/A,0.00,0.00,0.00,0.00,0.00,
BCT,5/7/2023,Atlantic Cruises,4228,4283,3,8514,N/A,0,0:00:00,N/A,0.00,0.00,0.00,0.00,0.00,
BCT,5/14/2023,Pacific Cruises,4151,4223,4,8378,N/A,0,0:00:00,N/A,0.00,0.00,0.00,0.00,0.00,
BCT,5/21/2023,Arctic Cruises,4432,4151,0,8583,N/A,0,0:00:00,N/A,0.00,0.00,0.00,0.00,0.00,
BCT,5/26/2023,Pacific Cruises,2238,2192,167,4597,Yes,57404,7:13:41,N/A,0.14,0.02,0.01,24.30,24.79,5.70
BCT,5/28/2023,Arctic Cruises,4663,4229,0,8892,N/A,0,0:00:00,N/A,0.00,0.00,0.00,0.00,0.00,
BCT,6/4/2023,Oceanic Cruises,4597,4650,,9247,N/A,0,0:00:00,N/A,0.00,0.00,0.00,0.00,0.00,
BCT,6/11/2023,Arctic Cruises,4706,4593,,9299,N/A,0,0:00:00,N/A,0.00,0.00,0.00,0.00,0.00,
BCT,6/18/2023,Pacific Cruises,5022,4705,6,9733,N/A,0,0:00:00,N/A,0.00,0.00,0.00,0.00,0.00,
BCT,6/25/2023,Pacific Cruises,5395,5025,6,10426,N/A,0,0:00:00,N/A,0.00,0.00,0.00,0.00,0.00,
BCT,6/30/2023,Atlantic Cruises,2060,2090,368,4518,Yes,27594,3:11:53,N/A,0.07,0.01,0.00,11.68,11.92,2.70
BCT,7/2/2023,Oceanic Cruises,5353,5393,3,10749,N/A,0,0:00:00,N/A,0.00,0.00,0.00,0.00,0.00,
BCT,7/7/2023,Oceanic Cruises,2033,2019,411,4463,No,0,0:00:00,Ship did not connect due to delayed arrival,0.00,0.00,0.00,0.00,0.00,
BCT,7/9/2023,Oceanic Cruises,5339,5346,0,10685,N/A,0,0:00:00,N/A,0.00,0.00,0.00,0.00,0.00,
BCT,7/16/2023,Oceanic Cruises,5294,5343,,10637,N/A,0,0:00:00,N/A,0.00,0.00,0.00,0.00,0.00,
BCT,7/21/2023,Atlantic Cruises,2082,2058,407,4547,No,0,0:00:00,Extreme weather,0.00,0.00,0.00,0.00,0.00,
BCT,7/23/2023,Arctic Cruises,5356,5305,,10661,N/A,0,0:00:00,N/A,0.00,0.00,0.00,0.00,0.00,
BCT,7/26/2023,Atlantic Cruises,5,8,3158,3171,Yes,77117,8:36:56,N/A,0.19,0.03,0.01,32.65,33.30,7.60
BCT,7/30/2023,Atlantic Cruises,5323,5350,,10673,N/A,0,0:00:00,N/A,0.00,0.00,0.00,0.00,0.00,
BCT,8/6/2023,Arctic Cruises,5387,5324,,10711,N/A,0,0:00:00,N/A,0.00,0.00,0.00,0.00,0.00,
BCT,8/13/2023,Arctic Cruises,5324,5382,,10706,N/A,0,0:00:00,N/A,0.00,0.00,0.00,0.00,0.00,
BCT,8/14/2023,Oceanic Cruises,2830,3057,81,5968,N/A,0,0:00:00,N/A,0.00,0.00,0.00,0.00,0.00,
BCT,8/18/2023,Atlantic Cruises,2191,2160,320,4671,Yes,40369,5:24:53,N/A,0.10,0.02,0.01,17.09,17.43,4.00
BCT,8/21/2023,Pacific Cruises,4826,4955,353,10134,N/A,0,0:00:00,N/A,0.00,0.00,0.00,0.00,0.00,
BCT,8/27/2023,Pacific Cruises,5447,5128,51,10626,N/A,0,0:00:00,N/A,0.00,0.00,0.00,0.00,0.00,
BCT,8/30/2023,Atlantic Cruises,2709,2814,100,5623,N/A,0,0:00:00,N/A,0.00,0.00,0.00,0.00,0.00,
BCT,9/4/2023,Pacific Cruises,4352,5451,31,9834,N/A,0,0:00:00,N/A,0.00,0.00,0.00,0.00,0.00,
BCT,9/9/2023,Atlantic Cruises,2780,2329,451,5560,N/A,0,0:00:00,N/A,0.00,0.00,0.00,0.00,0.00,
BCT,9/10/2023,Atlantic Cruises,3959,4316,63,8338,N/A,0,0:00:00,N/A,0.00,0.00,0.00,0.00,0.00,
BCT,9/11/2023,Arctic Cruises,2053,2088,311,4452,No,0,0:00:00,Unresolved rate issue,0.00,0.00,0.00,0.00,0.00,
BCT,9/16/2023,Arctic Cruises,2833,2764,29,5626,N/A,0,0:00:00,N/A,0.00,0.00,0.00,0.00,0.00,
BCT,9/17/2023,Arctic Cruises,,,313,313,N/A,0,0:00:00,N/A,0.00,0.00,0.00,0.00,0.00,
BCT,9/18/2023,Pacific Cruises,4286,3966,55,8307,N/A,0,0:00:00,N/A,0.00,0.00,0.00,0.00,0.00,
BCT,9/19/2023,Arctic Cruises,2719,2637,120,5476,Yes,77345,9:43:57,N/A,0.19,0.03,0.01,32.75,33.40,7.60
BCT,9/20/2023,Arctic Cruises,,2,1762,1764,N/A,0,0:00:00,N/A,0.00,0.00,0.00,0.00,0.00,
BCT,9/23/2023,Atlantic Cruises,2921,2758,12,5691,No,0,0:00:00,Extreme weather,0.00,0.00,0.00,0.00,0.00,
BCT,9/24/2023,Pacific Cruises,3385,3966,336,7687,N/A,0,0:00:00,N/A,0.00,0.00,0.00,0.00,0.00,
BCT,9/29/2023,Pacific Cruises,1501,1478,883,3862,No,0,0:00:00,Extreme weather,0.00,0.00,0.00,0.00,0.00,
BCT,9/30/2023,Atlantic Cruises,2857,2918,15,5790,No,0,0:00:00,Extreme weather,0.00,0.00,0.00,0.00,0.00,
BCT,10/4/2023,Pacific Cruises,3890,3710,0,7600,N/A,0,0:00:00,N/A,0.00,0.00,0.00,0.00,0.00,
BCT,10/7/2023,Oceanic Cruises,2982,2956,9,5947,Yes,68166,7:41:54,N/A,0.17,0.03,0.01,28.86,29.44,6.70
BCT,10/9/2023,Atlantic Cruises,2730,2617,42,5389,Yes,71008,9:16:29,N/A,0.18,0.03,0.01,30.06,30.66,7.00
BCT,10/13/2023,Atlantic Cruises,1325,1398,902,3625,Yes,41767,5:20:19,N/A,0.10,0.02,0.01,17.68,18.04,4.10
BCT,10/14/2023,Pacific Cruises,2919,2971,17,5907,Yes,67382,8:26:54,N/A,0.17,0.03,0.01,28.53,29.10,6.70
BCT,10/15/2023,Oceanic Cruises,3741,3877,2,7620,N/A,0,0:00:00,N/A,0.00,0.00,0.00,0.00,0.00,
BCT,10/21/2023,Arctic Cruises,2937,2938,11,5886,Yes,66437,8:03:56,N/A,0.17,0.03,0.01,28.13,28.69,6.60
BCT,10/25/2023,Pacific Cruises,3060,3327,410,6797,N/A,0,0:00:00,N/A,0.00,0.00,0.00,0.00,0.00,
BCT,10/27/2023,Oceanic Cruises,1,33,2394,2428,Yes,93310,0:31:00,N/A,0.23,0.04,0.01,39.51,40.29,9.20
BCT,10/28/2023,Oceanic Cruises,2707,2921,26,5654,Yes,47420,5:42:14,N/A,0.12,0.02,0.01,20.08,20.48,4.70
BCT,10/30/2023,Arctic Cruises,1,16,198,215,Yes,20,0:11:00,Ship was getting their shore power retrofit cerfied by their class and insurance,0.00,0.00,0.00,0.01,0.01,0.00
BCT,11/4/2023,Oceanic Cruises,2619,2637,95,5351,Yes,66439,8:18:59,N/A,0.17,0.03,0.01,28.13,28.69,6.60
BCT,11/5/2023,Pacific Cruises,4136,3457,3,7596,N/A,0,0:00:00,N/A,0.00,0.00,0.00,0.00,0.00,
BCT,11/13/2023,Oceanic Cruises,3937,3989,148,8074,N/A,0,0:00:00,N/A,0.00,0.00,0.00,0.00,0.00,
BCT,11/19/2023,Atlantic Cruises,4091,4005,63,8159,N/A,0,0:00:00,N/A,0.00,0.00,0.00,0.00,0.00,
BCT,11/26/2023,Arctic Cruises,1746,1545,645,3936,No,0,0:00:00,Cancelled shore power connection due to USCG inspection of the vessel ,0.00,0.00,0.00,0.00,0.00,
BCT,11/27/2023,Pacific Cruises,4320,4086,57,8463,N/A,0,0:00:00,N/A,0.00,0.00,0.00,0.00,0.00,
BCT,12/2/2023,Atlantic Cruises,4068,4256,120,8444,N/A,0,0:00:00,N/A,0.00,0.00,0.00,0.00,0.00,
BCT,12/8/2023,Arctic Cruises,1647,1740,650,4037,Partial,0,0:00:00,Cancelled due to technical issue with the ship's shore power system,0.00,0.00,0.00,0.00,0.00,
BCT,12/9/2023,Arctic Cruises,4215,4187,3,8405,N/A,0,0:00:00,N/A,0.00,0.00,0.00,0.00,0.00,
BCT,12/16/2023,Oceanic Cruises,2886,4206,5,7097,N/A,0,0:00:00,N/A,0.00,0.00,0.00,0.00,0.00,
BCT,12/22/2023,Oceanic Cruises,1775,1634,728,4137,No,0,0:00:00,Ongoing technical issue with the ship's shore power system,0.00,0.00,0.00,0.00,0.00,
BCT,12/23/2023,Oceanic Cruises,5552,2871,7,8430,N/A,0,0:00:00,N/A,0.00,0.00,0.00,0.00,0.00,
BCT,12/30/2023,Atlantic Cruises,5226,5535,11,10772,N/A,0,0:00:00,N/A,0.00,0.00,0.00,0.00,0.00,
BCT,1/3/2024,Atlantic Cruises,1592,1811,673,4076,No,0,0:00:00,Ongoing technical issue with the ship's shore power system,0.00,0.00,0.00,0.00,0.00,
BCT,1/6/2024,Atlantic Cruises,2891,5205,26,8122,N/A,0,0:00:00,N/A,0.00,0.00,0.00,0.00,0.00,
BCT,1/15/2024,Atlantic Cruises,3959,2855,48,6862,N/A,0,0:00:00,N/A,0.00,0.00,0.00,0.00,0.00,
BCT,1/26/2024,Pacific Cruises,2325,3928,55,6308,N/A,0,0:00:00,N/A,0.00,0.00,0.00,0.00,0.00,
BCT,2/4/2024,Arctic Cruises,3148,2349,25,5522,N/A,0,0:00:00,N/A,0.00,0.00,0.00,0.00,0.00,
BCT,2/11/2024,Atlantic Cruises,3925,3161,6,7092,N/A,0,0:00:00,N/A,0.00,0.00,0.00,0.00,0.00,
BCT,2/18/2024,Pacific Cruises,5477,3918,6,9401,N/A,0,0:00:00,N/A,0.00,0.00,0.00,0.00,0.00,
BCT,2/25/2024,Atlantic Cruises,4372,5471,2,9845,N/A,0,0:00:00,N/A,0.00,0.00,0.00,0.00,0.00,
BCT,3/3/2024,Arctic Cruises,5139,4363,2,9504,N/A,0,0:00:00,N/A,0.00,0.00,0.00,0.00,0.00,
BCT,3/10/2024,Atlantic Cruises,4723,5122,11,9856,N/A,0,0:00:00,N/A,0.00,0.00,0.00,0.00,0.00,
BCT,3/17/2024,Pacific Cruises,4421,4728,13,9162,N/A,0,0:00:00,N/A,0.00,0.00,0.00,0.00,0.00,
BCT,3/24/2024,Arctic Cruises,4900,4415,6,9321,N/A,0,0:00:00,N/A,0.00,0.00,0.00,0.00,0.00,
BCT,3/31/2024,Oceanic Cruises,5322,4902,6,10230,N/A,0,0:00:00,N/A,0.00,0.00,0.00,0.00,0.00,
BCT,4/7/2024,Arctic Cruises,4211,5295,33,9539,N/A,0,0:00:00,N/A,0.00,0.00,0.00,0.00,0.00,
BCT,4/18/2024,Oceanic Cruises,4760,4179,38,8977,N/A,0,0:00:00,N/A,0.00,0.00,0.00,0.00,0.00,
BCT,4/28/2024,Atlantic Cruises,4369,4763,20,9152,N/A,0,0:00:00,N/A,0.00,0.00,0.00,0.00,0.00,
BCT,5/4/2024,Atlantic Cruises,2626,4190,196,7012,N/A,0,0:00:00,N/A,0.00,0.00,0.00,0.00,0.00,
BCT,5/5/2024,Atlantic Cruises,2117,2157,167,4441,No,0,0:00:00,Ongoing technical issue with the ship's shore power system,0.00,0.00,0.00,0.00,0.00,
BCT,5/12/2024,Oceanic Cruises,3644,2802,3,6449,N/A,0,0:00:00,N/A,0.00,0.00,0.00,0.00,0.00,
BCT,5/19/2024,Pacific Cruises,4449,3632,3,8084,N/A,0,0:00:00,N/A,0.00,0.00,0.00,0.00,0.00,
BCT,5/23/2024,Arctic Cruises,2234,2265,154,4653,No,0,0:00:00,Ongoing technical issue with the ship's shore power system,0.00,0.00,0.00,0.00,0.00,
BCT,5/26/2024,Arctic Cruises,4445,4457,4,8906,N/A,0,0:00:00,N/A,0.00,0.00,0.00,0.00,0.00,
BCT,6/2/2024,Atlantic Cruises,4603,4441,3,9047,N/A,0,0:00:00,N/A,0.00,0.00,0.00,0.00,0.00,
BCT,6/4/2024,Oceanic Cruises,1510,1939,128,3577,N/A,0,0:00:00,N/A,0.00,0.00,0.00,0.00,0.00,
BCT,6/9/2024,Arctic Cruises,4812,4595,4,9411,N/A,0,0:00:00,N/A,0.00,0.00,0.00,0.00,0.00,
BCT,6/14/2024,Arctic Cruises,1880,1682,175,3737,N/A,0,0:00:00,N/A,0.00,0.00,0.00,0.00,0.00,
BCT,6/15/2024,Arctic Cruises,2230,2184,257,4671,No,0,0:00:00,Ongoing technical issue with the ship's shore power system,0.00,0.00,0.00,0.00,0.00,
BCT,6/16/2024,Pacific Cruises,5007,4811,4,9822,N/A,0,0:00:00,N/A,0.00,0.00,0.00,0.00,0.00,
BCT,6/23/2024,Arctic Cruises,5229,5013,3,10245,N/A,0,0:00:00,N/A,0.00,0.00,0.00,0.00,0.00,
BCT,6/25/2024,Arctic Cruises,1892,1721,149,3762,N/A,0,0:00:00,N/A,0.00,0.00,0.00,0.00,0.00,
BCT,6/29/2024,Pacific Cruises,2245,2150,284,4679,No,0,0:00:00,Ongoing technical issue with the ship's shore power system,0.00,0.00,0.00,0.00,0.00,
BCT,6/30/2024,Pacific Cruises,5287,5230,4,10521,N/A,0,0:00:00,N/A,0.00,0.00,0.00,0.00,0.00,
BCT,7/5/2024,Arctic Cruises,2095,1992,90,4177,N/A,0,0:00:00,N/A,0.00,0.00,0.00,0.00,0.00,
BCT,7/6/2024,Pacific Cruises,2169,2234,288,4691,No,0,0:00:00,Ongoing technical issue with the ship's shore power system,0.00,0.00,0.00,0.00,0.00,
BCT,7/7/2024,Oceanic Cruises,5198,5226,4,10428,N/A,0,0:00:00,N/A,0.00,0.00,0.00,0.00,0.00,
BCT,7/14/2024,Atlantic Cruises,5352,5200,4,10556,N/A,0,0:00:00,N/A,0.00,0.00,0.00,0.00,0.00,
BCT,7/21/2024,Atlantic Cruises,5338,5357,5,10700,N/A,0,0:00:00,N/A,0.00,0.00,0.00,0.00,0.00,
BCT,7/27/2024,Atlantic Cruises,2158,2208,301,4667,No,0,0:00:00,Ongoing technical issue with the ship's shore power system,0.00,0.00,0.00,0.00,0.00,
BCT,7/28/2024,Pacific Cruises,5278,5338,4,10620,N/A,0,0:00:00,N/A,0.00,0.00,0.00,0.00,0.00,
BCT,8/4/2024,Oceanic Cruises,5317,5274,9,10600,N/A,0,0:00:00,N/A,0.00,0.00,0.00,0.00,0.00,
BCT,8/11/2024,Arctic Cruises,5313,5320,4,10637,N/A,0,0:00:00,N/A,0.00,0.00,0.00,0.00,0.00,
BCT,8/18/2024,Pacific Cruises,4928,5097,223,10248,N/A,0,0:00:00,N/A,0.00,0.00,0.00,0.00,0.00,
BCT,8/23/2024,Arctic Cruises,2254,2228,217,4699,No,0,0:00:00,Ongoing technical issue with the ship's shore power system,0.00,0.00,0.00,0.00,0.00,
BCT,8/24/2024,Atlantic Cruises,3866,3849,67,7782,N/A,0,0:00:00,N/A,0.00,0.00,0.00,0.00,0.00,
BCT,8/25/2024,Arctic Cruises,5285,5149,3,10437,N/A,0,0:00:00,N/A,0.00,0.00,0.00,0.00,0.00,
BCT,8/31/2024,Atlantic Cruises,3413,3891,49,7353,N/A,0,0:00:00,N/A,0.00,0.00,0.00,0.00,0.00,
BCT,9/1/2024,Arctic Cruises,4363,5205,84,9652,N/A,0,0:00:00,N/A,0.00,0.00,0.00,0.00,0.00,
BCT,9/2/2024,Pacific Cruises,2,5,865,872,N/A,0,0:00:00,N/A,0.00,0.00,0.00,0.00,0.00,
BCT,9/7/2024,Pacific Cruises,3449,3409,51,6909,N/A,0,0:00:00,N/A,0.00,0.00,0.00,0.00,0.00,
BCT,9/8/2024,Arctic Cruises,3771,4231,209,8211,N/A,0,0:00:00,N/A,0.00,0.00,0.00,0.00,0.00,
BCT,9/14/2024,Pacific Cruises,3454,3452,43,6949,N/A,0,0:00:00,N/A,0.00,0.00,0.00,0.00,0.00,
BCT,9/15/2024,Atlantic Cruises,4066,3969,3,8038,N/A,0,0:00:00,N/A,0.00,0.00,0.00,0.00,0.00,
BCT,9/21/2024,Arctic Cruises,3517,3444,45,7006,N/A,0,0:00:00,N/A,0.00,0.00,0.00,0.00,0.00,
BCT,9/22/2024,Pacific Cruises,1738,1690,752,4180,Yes,45012,5:21:00,Sucessful connection after the issue was finally resolved,0.11,0.02,0.01,19.06,19.44,4.40
BCT,9/23/2024,Atlantic Cruises,4093,4065,2,8160,N/A,0,0:00:00,N/A,0.00,0.00,0.00,0.00,0.00,
BCT,9/28/2024,Arctic Cruises,3544,3527,30,7101,N/A,0,0:00:00,N/A,0.00,0.00,0.00,0.00,0.00,
BCT,9/29/2024,Pacific Cruises,4112,4093,3,8208,N/A,0,0:00:00,N/A,0.00,0.00,0.00,0.00,0.00,
BCT,10/2/2024,Oceanic Cruises,399,615,21,1035,N/A,0,0:00:00,N/A,0.00,0.00,0.00,0.00,0.00,
BCT,10/4/2024,Arctic Cruises,1397,1467,1016,3880,Yes,57397,7:07:48,N/A,0.14,0.02,0.01,24.30,24.79,5.70
BCT,10/5/2024,Oceanic Cruises,3585,3561,15,7161,N/A,0,0:00:00,N/A,0.00,0.00,0.00,0.00,0.00,
BCT,10/6/2024,Oceanic Cruises,4118,4106,0,8224,N/A,0,0:00:00,N/A,0.00,0.00,0.00,0.00,0.00,
BCT,10/12/2024,Arctic Cruises,3582,3568,18,7168,N/A,0,0:00:00,N/A,0.00,0.00,0.00,0.00,0.00,
BCT,10/13/2024,Oceanic Cruises,4294,3962,150,8406,N/A,0,0:00:00,N/A,0.00,0.00,0.00,0.00,0.00,
BCT,10/19/2024,Oceanic Cruises,3551,3580,18,7149,N/A,0,0:00:00,N/A,0.00,0.00,0.00,0.00,0.00,
BCT,10/20/2024,Oceanic Cruises,4087,4352,92,8531,N/A,0,0:00:00,N/A,0.00,0.00,0.00,0.00,0.00,
BCT,10/25/2024,Pacific Cruises,2121,2067,297,4485,Yes,54584,6:36:29,N/A,0.14,0.02,0.01,23.11,23.57,5.40
BCT,10/26/2024,Atlantic Cruises,3552,3526,38,7116,N/A,0,0:00:00,N/A,0.00,0.00,0.00,0.00,0.00,
BCT,10/27/2024,Oceanic Cruises,3686,4175,0,7861,N/A,0,0:00:00,N/A,0.00,0.00,0.00,0.00,0.00,
BCT,11/2/2024,Oceanic Cruises,3370,3463,118,6951,N/A,0,0:00:00,N/A,0.00,0.00,0.00,0.00,0.00,
BCT,11/3/2024,Atlantic Cruises,4787,3678,9,8474,N/A,0,0:00:00,N/A,0.00,0.00,0.00,0.00,0.00,
BCT,11/10/2024,Atlantic Cruises,4141,4788,7,8936,N/A,0,0:00:00,N/A,0.00,0.00,0.00,0.00,0.00,
BCT,11/17/2024,Oceanic Cruises,4164,4139,8,8311,N/A,0,0:00:00,N/A,0.00,0.00,0.00,0.00,0.00,
BCT,11/20/2024,Pacific Cruises,1772,1690,688,4150,Yes,26218,3:18:30,USCG inspection ,0.07,0.01,0.00,11.10,11.32,2.60
BCT,11/24/2024,Arctic Cruises,5247,4156,10,9413,N/A,0,0:00:00,N/A,0.00,0.00,0.00,0.00,0.00,
BCT,12/1/2024,Arctic Cruises,4215,5248,0,9463,N/A,0,0:00:00,N/A,0.00,0.00,0.00,0.00,0.00,
BCT,12/3/2024,Pacific Cruises,1683,1753,711,4147,Yes,58395,7:15:46,N/A,0.15,0.02,0.01,24.72,25.22,5.80
BCT,12/8/2024,Pacific Cruises,4233,4220,5,8458,N/A,0,0:00:00,N/A,0.00,0.00,0.00,0.00,0.00,
BCT,12/15/2024,Arctic Cruises,4630,4228,1,8859,N/A,0,0:00:00,N/A,0.00,0.00,0.00,0.00,0.00,
BCT,12/21/2024,Pacific Cruises,1549,1433,973,3955,No,0,0:00:00,No connection due to feeder out of service,0.00,0.00,0.00,0.00,0.00,
BCT,12/22/2024,Arctic Cruises,5473,4616,1,10090,N/A,0,0:00:00,N/A,0.00,0.00,0.00,0.00,0.00,
BCT,12/29/2024,Arctic Cruises,5215,5480,1,10696,N/A,0,0:00:00,N/A,0.00,0.00,0.00,0.00,0.00,
MCT,1/2/2022,Oceanic Cruises,855,1428,8,2291,N/A,0,0:00:00,N/A,0.00,0.00,0.00,0.00,0.00,
MCT,1/9/2022,Pacific Cruises,768,835,22,1625,N/A,0,0:00:00,N/A,0.00,0.00,0.00,0.00,0.00,
MCT,1/19/2022,Oceanic Cruises,576,762,25,1363,N/A,0,0:00:00,N/A,0.00,0.00,0.00,0.00,0.00,
MCT,1/29/2022,Atlantic Cruises,569,570,32,1171,N/A,0,0:00:00,N/A,0.00,0.00,0.00,0.00,0.00,
MCT,2/8/2022,Atlantic Cruises,604,591,13,1208,N/A,0,0:00:00,N/A,0.00,0.00,0.00,0.00,0.00,
MCT,2/18/2022,Arctic Cruises,1135,767,10,1912,N/A,0,0:00:00,N/A,0.00,0.00,0.00,0.00,0.00,
MCT,2/19/2022,Pacific Cruises,2001,2,19,2022,N/A,0,0:00:00,N/A,0.00,0.00,0.00,0.00,0.00,
MCT,2/27/2022,Oceanic Cruises,1450,1999,19,3468,N/A,0,0:00:00,N/A,0.00,0.00,0.00,0.00,0.00,
MCT,2/28/2022,Pacific Cruises,867,1132,11,2010,N/A,0,0:00:00,N/A,0.00,0.00,0.00,0.00,0.00,
MCT,3/6/2022,Pacific Cruises,1445,1428,40,2913,N/A,0,0:00:00,N/A,0.00,0.00,0.00,0.00,0.00,
MCT,3/10/2022,Arctic Cruises,1135,841,17,1993,N/A,0,0:00:00,N/A,0.00,0.00,0.00,0.00,0.00,
MCT,3/13/2022,Oceanic Cruises,2261,1444,38,3743,N/A,0,0:00:00,N/A,0.00,0.00,0.00,0.00,0.00,
MCT,3/20/2022,Arctic Cruises,1710,2267,22,3999,N/A,0,0:00:00,N/A,0.00,0.00,0.00,0.00,0.00,
MCT,3/20/2022,Arctic Cruises,1151,1134,15,2300,N/A,0,0:00:00,N/A,0.00,0.00,0.00,0.00,0.00,
MCT,3/27/2022,Atlantic Cruises,1696,1702,27,3425,N/A,0,0:00:00,N/A,0.00,0.00,0.00,0.00,0.00,
MCT,3/30/2022,Arctic Cruises,1197,1144,18,2359,N/A,0,0:00:00,N/A,0.00,0.00,0.00,0.00,0.00,
MCT,4/2/2022,Pacific Cruises,1308,1223,49,2580,N/A,0,0:00:00,N/A,0.00,0.00,0.00,0.00,0.00,
MCT,4/3/2022,Pacific Cruises,2547,1693,29,4269,N/A,0,0:00:00,N/A,0.00,0.00,0.00,0.00,0.00,
MCT,4/9/2022,Atlantic Cruises,1865,1195,13,3073,N/A,0,0:00:00,N/A,0.00,0.00,0.00,0.00,0.00,
MCT,4/10/2022,Pacific Cruises,2532,3142,33,5707,N/A,0,0:00:00,N/A,0.00,0.00,0.00,0.00,0.00,
MCT,4/14/2022,Oceanic Cruises,2437,1861,14,4312,N/A,0,0:00:00,N/A,0.00,0.00,0.00,0.00,0.00,
MCT,4/17/2022,Arctic Cruises,4338,3142,27,7507,N/A,0,0:00:00,N/A,0.00,0.00,0.00,0.00,0.00,
MCT,4/18/2022,Arctic Cruises,272,315,13,600,N/A,0,0:00:00,N/A,0.00,0.00,0.00,0.00,0.00,
MCT,4/23/2022,Atlantic Cruises,0,2,108,110,N/A,0,0:00:00,N/A,0.00,0.00,0.00,0.00,0.00,
MCT,4/24/2022,Pacific Cruises,1538,4350,9,5897,N/A,0,0:00:00,N/A,0.00,0.00,0.00,0.00,0.00,
MCT,4/24/2022,Oceanic Cruises,910,2435,13,3358,N/A,0,0:00:00,N/A,0.00,0.00,0.00,0.00,0.00,
MCT,4/25/2022,Pacific Cruises,1501,5,18,1524,N/A,0,0:00:00,N/A,0.00,0.00,0.00,0.00,0.00,
MCT,4/26/2022,Pacific Cruises,2167,0,17,2184,N/A,0,0:00:00,N/A,0.00,0.00,0.00,0.00,0.00,
MCT,4/28/2022,Oceanic Cruises,922,1206,38,2166,N/A,0,0:00:00,N/A,0.00,0.00,0.00,0.00,0.00,
MCT,5/1/2022,Atlantic Cruises,2203,2159,24,4386,N/A,0,0:00:00,N/A,0.00,0.00,0.00,0.00,0.00,
MCT,5/8/2022,Oceanic Cruises,1911,2193,31,4135,N/A,0,0:00:00,N/A,0.00,0.00,0.00,0.00,0.00,
MCT,5/10/2022,Oceanic Cruises,5,3,135,143,N/A,0,0:00:00,N/A,0.00,0.00,0.00,0.00,0.00,
MCT,5/15/2022,Atlantic Cruises,2296,1914,24,4234,N/A,0,0:00:00,N/A,0.00,0.00,0.00,0.00,0.00,
MCT,5/22/2022,Pacific Cruises,2461,2271,38,4770,N/A,0,0:00:00,N/A,0.00,0.00,0.00,0.00,0.00,
MCT,5/29/2022,Pacific Cruises,2906,2469,27,5402,N/A,0,0:00:00,N/A,0.00,0.00,0.00,0.00,0.00,
MCT,6/5/2022,Oceanic Cruises,2728,2912,16,5656,N/A,0,0:00:00,N/A,0.00,0.00,0.00,0.00,0.00,
MCT,6/7/2022,Arctic Cruises,388,415,8,811,N/A,0,0:00:00,N/A,0.00,0.00,0.00,0.00,0.00,
MCT,6/12/2022,Atlantic Cruises,2636,2713,28,5377,N/A,0,0:00:00,N/A,0.00,0.00,0.00,0.00,0.00,
MCT,6/16/2022,Arctic Cruises,3945,4,16,3965,N/A,0,0:00:00,N/A,0.00,0.00,0.00,0.00,0.00,
MCT,6/19/2022,Atlantic Cruises,3286,2638,20,5944,N/A,0,0:00:00,N/A,0.00,0.00,0.00,0.00,0.00,
MCT,6/20/2022,Atlantic Cruises,4278,3943,38,8259,N/A,0,0:00:00,N/A,0.00,0.00,0.00,0.00,0.00,
MCT,6/26/2022,Arctic Cruises,4071,3280,26,7377,N/A,0,0:00:00,N/A,0.00,0.00,0.00,0.00,0.00,
MCT,6/28/2022,Pacific Cruises,4211,4285,43,8539,N/A,0,0:00:00,N/A,0.00,0.00,0.00,0.00,0.00,
MCT,7/3/2022,Arctic Cruises,3744,4075,17,7836,N/A,0,0:00:00,N/A,0.00,0.00,0.00,0.00,0.00,
MCT,7/5/2022,Arctic Cruises,620,390,14,1024,N/A,0,0:00:00,N/A,0.00,0.00,0.00,0.00,0.00,
MCT,7/6/2022,Pacific Cruises,4225,4206,12,8443,N/A,0,0:00:00,N/A,0.00,0.00,0.00,0.00,0.00,
MCT,7/10/2022,Pacific Cruises,3595,3747,12,7354,N/A,0,0:00:00,N/A,0.00,0.00,0.00,0.00,0.00,
MCT,7/12/2022,Atlantic Cruises,595,597,18,1210,N/A,0,0:00:00,N/A,0.00,0.00,0.00,0.00,0.00,
MCT,7/14/2022,Pacific Cruises,4039,4218,30,8287,N/A,0,0:00:00,N/A,0.00,0.00,0.00,0.00,0.00,
MCT,7/17/2022,Arctic Cruises,3742,3578,22,7342,N/A,0,0:00:00,N/A,0.00,0.00,0.00,0.00,0.00,
MCT,7/18/2022,Atlantic Cruises,4120,4043,37,8200,N/A,0,0:00:00,N/A,0.00,0.00,0.00,0.00,0.00,
MCT,7/19/2022,Arctic Cruises,591,595,19,1205,N/A,0,0:00:00,N/A,0.00,0.00,0.00,0.00,0.00,
MCT,7/24/2022,Atlantic Cruises,4194,3753,12,7959,N/A,0,0:00:00,N/A,0.00,0.00,0.00,0.00,0.00,
MCT,7/26/2022,Oceanic Cruises,4249,4124,23,8396,N/A,0,0:00:00,N/A,0.00,0.00,0.00,0.00,0.00,
MCT,7/26/2022,Pacific Cruises,580,591,17,1188,N/A,0,0:00:00,N/A,0.00,0.00,0.00,0.00,0.00,
MCT,7/31/2022,Arctic Cruises,3762,4186,12,7960,N/A,0,0:00:00,N/A,0.00,0.00,0.00,0.00,0.00,
MCT,8/3/2022,Oceanic Cruises,4257,4237,21,8515,N/A,0,0:00:00,N/A,0.00,0.00,0.00,0.00,0.00,
MCT,8/7/2022,Oceanic Cruises,4057,3758,12,7827,N/A,0,0:00:00,N/A,0.00,0.00,0.00,0.00,0.00,
MCT,8/11/2022,Pacific Cruises,4137,4260,6,8403,N/A,0,0:00:00,N/A,0.00,0.00,0.00,0.00,0.00,
MCT,8/14/2022,Pacific Cruises,3603,4047,26,7676,N/A,0,0:00:00,N/A,0.00,0.00,0.00,0.00,0.00,
MCT,8/15/2022,Atlantic Cruises,4078,4135,7,8220,N/A,0,0:00:00,N/A,0.00,0.00,0.00,0.00,0.00,
MCT,8/21/2022,Oceanic Cruises,4125,0,17,4142,N/A,0,0:00:00,N/A,0.00,0.00,0.00,0.00,0.00,
MCT,8/22/2022,Oceanic Cruises,4042,4070,12,8124,N/A,0,0:00:00,N/A,0.00,0.00,0.00,0.00,0.00,
MCT,8/23/2022,Arctic Cruises,3345,3602,15,6962,N/A,0,0:00:00,N/A,0.00,0.00,0.00,0.00,0.00,
MCT,8/28/2022,Atlantic Cruises,3965,4128,11,8104,N/A,0,0:00:00,N/A,0.00,0.00,0.00,0.00,0.00,
MCT,8/29/2022,Arctic Cruises,4380,2,4,4386,N/A,0,0:00:00,N/A,0.00,0.00,0.00,0.00,0.00,
MCT,8/31/2022,Atlantic Cruises,4047,4159,16,8222,N/A,0,0:00:00,N/A,0.00,0.00,0.00,0.00,0.00,
MCT,9/1/2022,Pacific Cruises,3696,3322,18,7036,N/A,0,0:00:00,N/A,0.00,0.00,0.00,0.00,0.00,
MCT,9/3/2022,Oceanic Cruises,1197,4363,20,5580,N/A,0,0:00:00,N/A,0.00,0.00,0.00,0.00,0.00,
MCT,9/4/2022,Arctic Cruises,3210,3953,20,7183,N/A,0,0:00:00,N/A,0.00,0.00,0.00,0.00,0.00,
MCT,9/5/2022,Arctic Cruises,3757,4161,17,7935,N/A,0,0:00:00,N/A,0.00,0.00,0.00,0.00,0.00,
MCT,9/6/2022,Atlantic Cruises,3667,2889,42,6598,N/A,0,0:00:00,N/A,0.00,0.00,0.00,0.00,0.00,
MCT,9/8/2022,Pacific Cruises,428,350,19,797,N/A,0,0:00:00,N/A,0.00,0.00,0.00,0.00,0.00,
MCT,9/10/2022,Pacific Cruises,3361,3750,13,7124,N/A,0,0:00:00,N/A,0.00,0.00,0.00,0.00,0.00,
MCT,9/10/2022,Atlantic Cruises,582,538,13,1133,N/A,0,0:00:00,N/A,0.00,0.00,0.00,0.00,0.00,
MCT,9/10/2022,Arctic Cruises,368,387,7,762,N/A,0,0:00:00,N/A,0.00,0.00,0.00,0.00,0.00,
MCT,9/11/2022,Oceanic Cruises,2752,3201,19,5972,N/A,0,0:00:00,N/A,0.00,0.00,0.00,0.00,0.00,
MCT,9/12/2022,Arctic Cruises,1053,1180,35,2268,N/A,0,0:00:00,N/A,0.00,0.00,0.00,0.00,0.00,
MCT,9/12/2022,Atlantic Cruises,-35,,,-35,N/A,0,0:00:00,N/A,0.00,0.00,0.00,0.00,0.00,
MCT,9/16/2022,Arctic Cruises,2868,2888,28,5784,N/A,0,0:00:00,N/A,0.00,0.00,0.00,0.00,0.00,
MCT,9/17/2022,Arctic Cruises,3416,3363,13,6792,N/A,0,0:00:00,N/A,0.00,0.00,0.00,0.00,0.00,
MCT,9/18/2022,Pacific Cruises,338,341,5,684,N/A,0,0:00:00,N/A,0.00,0.00,0.00,0.00,0.00,
MCT,9/18/2022,Arctic Cruises,2988,2759,12,5759,N/A,0,0:00:00,N/A,0.00,0.00,0.00,0.00,0.00,
MCT,9/19/2022,Pacific Cruises,878,854,4,1736,N/A,0,0:00:00,N/A,0.00,0.00,0.00,0.00,0.00,
MCT,9/22/2022,Oceanic Cruises,2456,1017,21,3494,N/A,0,0:00:00,N/A,0.00,0.00,0.00,0.00,0.00,
MCT,9/23/2022,Pacific Cruises,2970,2870,21,5861,N/A,0,0:00:00,N/A,0.00,0.00,0.00,0.00,0.00,
MCT,9/24/2022,Atlantic Cruises,4,4,1132,1140,N/A,0,0:00:00,N/A,0.00,0.00,0.00,0.00,0.00,
MCT,9/24/2022,Oceanic Cruises,3414,3621,10,7045,N/A,0,0:00:00,N/A,0.00,0.00,0.00,0.00,0.00,
MCT,9/25/2022,Oceanic Cruises,3096,2973,19,6088,N/A,0,0:00:00,N/A,0.00,0.00,0.00,0.00,0.00,
MCT,9/27/2022,Arctic Cruises,0,2467,8,2475,N/A,0,0:00:00,N/A,0.00,0.00,0.00,0.00,0.00,
MCT,9/27/2022,Oceanic Cruises,2,4,10,16,N/A,0,0:00:00,N/A,0.00,0.00,0.00,0.00,0.00,
MCT,9/30/2022,Arctic Cruises,2,3612,4,3618,N/A,0,0:00:00,N/A,0.00,0.00,0.00,0.00,0.00,
MCT,9/30/2022,Arctic Cruises,1905,1490,43,3438,N/A,0,0:00:00,N/A,0.00,0.00,0.00,0.00,0.00,
MCT,10/1/2022,Arctic Cruises,613,611,7,1231,N/A,0,0:00:00,N/A,0.00,0.00,0.00,0.00,0.00,
MCT,10/1/2022,Atlantic Cruises,418,432,0,850,N/A,0,0:00:00,N/A,0.00,0.00,0.00,0.00,0.00,
MCT,10/2/2022,Pacific Cruises,3542,3098,13,6653,N/A,0,0:00:00,N/A,0.00,0.00,0.00,0.00,0.00,
MCT,10/3/2022,Atlantic Cruises,0,0,2477,2477,N/A,0,0:00:00,N/A,0.00,0.00,0.00,0.00,0.00,
MCT,10/3/2022,Arctic Cruises,3562,2942,34,6538,N/A,0,0:00:00,N/A,0.00,0.00,0.00,0.00,0.00,
MCT,10/5/2022,Atlantic Cruises,2188,1931,16,4135,N/A,0,0:00:00,N/A,0.00,0.00,0.00,0.00,0.00,
MCT,10/6/2022,Atlantic Cruises,2122,2124,12,4258,N/A,0,0:00:00,N/A,0.00,0.00,0.00,0.00,0.00,
MCT,10/8/2022,Arctic Cruises,3410,3553,36,6999,N/A,0,0:00:00,N/A,0.00,0.00,0.00,0.00,0.00,
MCT,10/9/2022,Arctic Cruises,3560,3523,18,7101,N/A,0,0:00:00,N/A,0.00,0.00,0.00,0.00,0.00,
MCT,10/10/2022,Arctic Cruises,1906,2192,8,4106,N/A,0,0:00:00,N/A,0.00,0.00,0.00,0.00,0.00,
MCT,10/10/2022,Atlantic Cruises,2881,2082,39,5002,N/A,0,0:00:00,N/A,0.00,0.00,0.00,0.00,0.00,
MCT,10/11/2022,Arctic Cruises,343,314,6,663,N/A,0,0:00:00,N/A,0.00,0.00,0.00,0.00,0.00,
MCT,10/12/2022,Pacific Cruises,2949,3415,30,6394,N/A,0,0:00:00,N/A,0.00,0.00,0.00,0.00,0.00,
MCT,10/13/2022,Oceanic Cruises,349,343,6,698,N/A,0,0:00:00,N/A,0.00,0.00,0.00,0.00,0.00,
MCT,10/15/2022,Arctic Cruises,2107,2861,50,5018,N/A,0,0:00:00,N/A,0.00,0.00,0.00,0.00,0.00,
MCT,10/16/2022,Atlantic Cruises,1712,1870,25,3607,N/A,0,0:00:00,N/A,0.00,0.00,0.00,0.00,0.00,
MCT,10/16/2022,Arctic Cruises,3334,3552,17,6903,N/A,0,0:00:00,N/A,0.00,0.00,0.00,0.00,0.00,
MCT,10/16/2022,Atlantic Cruises,379,373,6,758,N/A,0,0:00:00,N/A,0.00,0.00,0.00,0.00,0.00,
MCT,10/21/2022,Arctic Cruises,1971,1721,32,3724,N/A,0,0:00:00,N/A,0.00,0.00,0.00,0.00,0.00,
MCT,10/21/2022,Atlantic Cruises,604,614,4,1222,N/A,0,0:00:00,N/A,0.00,0.00,0.00,0.00,0.00,
MCT,10/22/2022,Oceanic Cruises,3171,2929,42,6142,N/A,0,0:00:00,N/A,0.00,0.00,0.00,0.00,0.00,
MCT,10/23/2022,Pacific Cruises,3120,3330,11,6461,N/A,0,0:00:00,N/A,0.00,0.00,0.00,0.00,0.00,
MCT,10/23/2022,Atlantic Cruises,392,403,13,808,N/A,0,0:00:00,N/A,0.00,0.00,0.00,0.00,0.00,
MCT,10/26/2022,Atlantic Cruises,2195,1966,41,4202,N/A,0,0:00:00,N/A,0.00,0.00,0.00,0.00,0.00,
MCT,10/27/2022,Arctic Cruises,20,407,1487,1914,N/A,0,0:00:00,N/A,0.00,0.00,0.00,0.00,0.00,
MCT,10/29/2022,Arctic Cruises,3083,3174,26,6283,N/A,0,0:00:00,N/A,0.00,0.00,0.00,0.00,0.00,
MCT,10/30/2022,Oceanic Cruises,2746,3094,36,5876,N/A,0,0:00:00,N/A,0.00,0.00,0.00,0.00,0.00,
MCT,10/31/2022,Arctic Cruises,1143,2194,20,3357,N/A,0,0:00:00,N/A,0.00,0.00,0.00,0.00,0.00,
MCT,11/2/2022,Pacific Cruises,262,241,38,541,N/A,0,0:00:00,N/A,0.00,0.00,0.00,0.00,0.00,
MCT,11/3/2022,Arctic Cruises,0,1,131,132,N/A,0,0:00:00,N/A,0.00,0.00,0.00,0.00,0.00,
MCT,11/3/2022,Pacific Cruises,248,7,913,1168,N/A,0,0:00:00,N/A,0.00,0.00,0.00,0.00,0.00,
MCT,11/5/2022,Arctic Cruises,3876,3075,26,6977,N/A,0,0:00:00,N/A,0.00,0.00,0.00,0.00,0.00,
MCT,11/6/2022,Atlantic Cruises,2386,2715,65,5166,N/A,0,0:00:00,N/A,0.00,0.00,0.00,0.00,0.00,
MCT,11/7/2022,Pacific Cruises,12,23,337,372,N/A,0,0:00:00,N/A,0.00,0.00,0.00,0.00,0.00,
MCT,11/9/2022,Pacific Cruises,6,9,612,627,N/A,0,0:00:00,N/A,0.00,0.00,0.00,0.00,0.00,
MCT,11/12/2022,Pacific Cruises,3407,3873,17,7297,N/A,0,0:00:00,N/A,0.00,0.00,0.00,0.00,0.00,
MCT,11/17/2022,Arctic Cruises,1,2418,7,2426,N/A,0,0:00:00,N/A,0.00,0.00,0.00,0.00,0.00,
MCT,11/19/2022,Atlantic Cruises,4041,3406,18,7465,N/A,0,0:00:00,N/A,0.00,0.00,0.00,0.00,0.00,
MCT,11/26/2022,Atlantic Cruises,3796,4029,23,7848,N/A,0,0:00:00,N/A,0.00,0.00,0.00,0.00,0.00,
MCT,12/1/2022,Oceanic Cruises,0,3799,18,3817,N/A,0,0:00:00,N/A,0.00,0.00,0.00,0.00,0.00,
MCT,12/8/2022,Oceanic Cruises,0,3065,0,3065,N/A,0,0:00:00,N/A,0.00,0.00,0.00,0.00,0.00,
MCT,12/13/2022,Oceanic Cruises,4311,4,4,4319,N/A,0,0:00:00,N/A,0.00,0.00,0.00,0.00,0.00,
MCT,12/16/2022,Arctic Cruises,4498,1755,54,6307,N/A,0,0:00:00,N/A,0.00,0.00,0.00,0.00,0.00,
MCT,12/18/2022,Arctic Cruises,4651,4290,12,8953,N/A,0,0:00:00,N/A,0.00,0.00,0.00,0.00,0.00,
MCT,12/22/2022,Arctic Cruises,2754,1176,26,3956,N/A,0,0:00:00,N/A,0.00,0.00,0.00,0.00,0.00,
MCT,12/23/2022,Oceanic Cruises,4821,4649,14,9484,N/A,0,0:00:00,N/A,0.00,0.00,0.00,0.00,0.00,
MCT,12/31/2022,Oceanic Cruises,4399,4801,25,9225,N/A,0,0:00:00,N/A,0.00,0.00,0.00,0.00,0.00,
MCT,1/2/2023,Atlantic Cruises,2200,2747,3,4950,N/A,0,0:00:00,N/A,0.00,0.00,0.00,0.00,0.00,
MCT,1/8/2023,Pacific Cruises,3858,4396,30,8284,N/A,0,0:00:00,N/A,0.00,0.00,0.00,0.00,0.00,
MCT,1/11/2023,Arctic Cruises,2787,2176,19,4982,N/A,0,0:00:00,N/A,0.00,0.00,0.00,0.00,0.00,
MCT,1/16/2023,Oceanic Cruises,1536,2782,21,4339,N/A,0,0:00:00,N/A,0.00,0.00,0.00,0.00,0.00,
MCT,1/20/2023,Atlantic Cruises,341,332,1673,2346,N/A,0,0:00:00,N/A,0.00,0.00,0.00,0.00,0.00,
MCT,1/20/2023,Arctic Cruises,3919,3863,27,7809,N/A,0,0:00:00,N/A,0.00,0.00,0.00,0.00,0.00,
MCT,1/25/2023,Pacific Cruises,1542,1813,29,3384,N/A,0,0:00:00,N/A,0.00,0.00,0.00,0.00,0.00,
MCT,2/1/2023,Arctic Cruises,4453,3901,26,8380,N/A,0,0:00:00,N/A,0.00,0.00,0.00,0.00,0.00,
MCT,2/6/2023,Oceanic Cruises,3959,4436,39,8434,N/A,0,0:00:00,N/A,0.00,0.00,0.00,0.00,0.00,
MCT,2/17/2023,Atlantic Cruises,2753,1503,13,4269,N/A,0,0:00:00,N/A,0.00,0.00,0.00,0.00,0.00,
MCT,2/18/2023,Atlantic Cruises,4800,3977,25,8802,N/A,0,0:00:00,N/A,0.00,0.00,0.00,0.00,0.00,
MCT,2/26/2023,Arctic Cruises,4053,4804,17,8874,N/A,0,0:00:00,N/A,0.00,0.00,0.00,0.00,0.00,
MCT,2/27/2023,Atlantic Cruises,2384,2749,12,5145,N/A,0,0:00:00,N/A,0.00,0.00,0.00,0.00,0.00,
MCT,3/10/2023,Oceanic Cruises,4608,4039,16,8663,N/A,0,0:00:00,N/A,0.00,0.00,0.00,0.00,0.00,
MCT,3/10/2023,Atlantic Cruises,2495,2377,5,4877,N/A,0,0:00:00,N/A,0.00,0.00,0.00,0.00,0.00,
MCT,3/18/2023,Arctic Cruises,4254,4590,18,8862,N/A,0,0:00:00,N/A,0.00,0.00,0.00,0.00,0.00,
MCT,3/21/2023,Arctic Cruises,2389,2479,7,4875,N/A,0,0:00:00,N/A,0.00,0.00,0.00,0.00,0.00,
MCT,3/26/2023,Oceanic Cruises,4277,4247,11,8535,N/A,0,0:00:00,N/A,0.00,0.00,0.00,0.00,0.00,
MCT,3/28/2023,Atlantic Cruises,3476,3,10,3489,N/A,0,0:00:00,N/A,0.00,0.00,0.00,0.00,0.00,
MCT,3/31/2023,Arctic Cruises,2145,2388,6,4539,N/A,0,0:00:00,N/A,0.00,0.00,0.00,0.00,0.00,
MCT,4/2/2023,Pacific Cruises,3655,3451,21,7127,N/A,0,0:00:00,N/A,0.00,0.00,0.00,0.00,0.00,
MCT,4/5/2023,Arctic Cruises,4701,4256,14,8971,N/A,0,0:00:00,N/A,0.00,0.00,0.00,0.00,0.00,
MCT,4/5/2023,Oceanic Cruises,2783,2130,2,4915,N/A,0,0:00:00,N/A,0.00,0.00,0.00,0.00,0.00,
MCT,4/7/2023,Atlantic Cruises,579,23,1664,2266,N/A,0,0:00:00,N/A,0.00,0.00,0.00,0.00,0.00,
MCT,4/9/2023,Arctic Cruises,0,0,610,610,N/A,0,0:00:00,N/A,0.00,0.00,0.00,0.00,0.00,
MCT,4/9/2023,Oceanic Cruises,3685,3652,19,7356,N/A,0,0:00:00,N/A,0.00,0.00,0.00,0.00,0.00,
MCT,4/15/2023,Atlantic Cruises,0,4699,2,4701,N/A,0,0:00:00,N/A,0.00,0.00,0.00,0.00,0.00,
MCT,4/15/2023,Arctic Cruises,2025,2749,13,4787,N/A,0,0:00:00,N/A,0.00,0.00,0.00,0.00,0.00,
MCT,4/16/2023,Oceanic Cruises,3555,3691,9,7255,N/A,0,0:00:00,N/A,0.00,0.00,0.00,0.00,0.00,
MCT,4/18/2023,Pacific Cruises,0,632,1077,1709,N/A,0,0:00:00,N/A,0.00,0.00,0.00,0.00,0.00,
MCT,4/19/2023,Arctic Cruises,0,3,361,364,N/A,0,0:00:00,N/A,0.00,0.00,0.00,0.00,0.00,
MCT,4/20/2023,Arctic Cruises,3583,0,4,3587,N/A,0,0:00:00,N/A,0.00,0.00,0.00,0.00,0.00,
MCT,4/20/2023,Pacific Cruises,2083,0,8,2091,N/A,0,0:00:00,N/A,0.00,0.00,0.00,0.00,0.00,
MCT,4/21/2023,Atlantic Cruises,19,28,1611,1658,N/A,0,0:00:00,N/A,0.00,0.00,0.00,0.00,0.00,
MCT,4/22/2023,Pacific Cruises,3776,4312,52,8140,N/A,0,0:00:00,N/A,0.00,0.00,0.00,0.00,0.00,
MCT,4/22/2023,Pacific Cruises,0,0,122,122,N/A,0,0:00:00,N/A,0.00,0.00,0.00,0.00,0.00,
MCT,4/23/2023,Arctic Cruises,3339,3553,9,6901,N/A,0,0:00:00,N/A,0.00,0.00,0.00,0.00,0.00,
MCT,4/30/2023,Pacific Cruises,3302,3331,12,6645,N/A,0,0:00:00,N/A,0.00,0.00,0.00,0.00,0.00,
MCT,5/7/2023,Oceanic Cruises,3257,3287,22,6566,N/A,0,0:00:00,N/A,0.00,0.00,0.00,0.00,0.00,
MCT,5/14/2023,Pacific Cruises,4322,4,12,4338,N/A,0,0:00:00,N/A,0.00,0.00,0.00,0.00,0.00,
MCT,5/14/2023,Oceanic Cruises,2944,3252,22,6218,N/A,0,0:00:00,N/A,0.00,0.00,0.00,0.00,0.00,
MCT,5/15/2023,Oceanic Cruises,280,217,1,498,N/A,0,0:00:00,N/A,0.00,0.00,0.00,0.00,0.00,
MCT,5/17/2023,Atlantic Cruises,5,9,1763,1777,N/A,0,0:00:00,N/A,0.00,0.00,0.00,0.00,0.00,
MCT,5/21/2023,Atlantic Cruises,4374,4318,14,8706,N/A,0,0:00:00,N/A,0.00,0.00,0.00,0.00,0.00,
MCT,5/28/2023,Oceanic Cruises,4476,4373,14,8863,N/A,0,0:00:00,N/A,0.00,0.00,0.00,0.00,0.00,
MCT,5/31/2023,Oceanic Cruises,465,463,5,933,N/A,0,0:00:00,N/A,0.00,0.00,0.00,0.00,0.00,
MCT,5/31/2023,Arctic Cruises,86,6,261,353,N/A,0,0:00:00,N/A,0.00,0.00,0.00,0.00,0.00,
MCT,5/31/2023,Atlantic Cruises,,9,1477,1486,N/A,0,0:00:00,N/A,0.00,0.00,0.00,0.00,0.00,
MCT,6/4/2023,Arctic Cruises,4461,4469,19,8949,N/A,0,0:00:00,N/A,0.00,0.00,0.00,0.00,0.00,
MCT,6/7/2023,Oceanic Cruises,889,884,5,1778,N/A,0,0:00:00,N/A,0.00,0.00,0.00,0.00,0.00,
MCT,6/11/2023,Pacific Cruises,4566,4456,20,9042,N/A,0,0:00:00,N/A,0.00,0.00,0.00,0.00,0.00,
MCT,6/15/2023,Oceanic Cruises,3616,4715,9,8340,N/A,0,0:00:00,N/A,0.00,0.00,0.00,0.00,0.00,
MCT,6/15/2023,Oceanic Cruises,1,2,1720,1723,N/A,0,0:00:00,N/A,0.00,0.00,0.00,0.00,0.00,
MCT,6/18/2023,Arctic Cruises,4721,4550,29,9300,N/A,0,0:00:00,N/A,0.00,0.00,0.00,0.00,0.00,
MCT,6/19/2023,Pacific Cruises,4879,4754,29,9662,N/A,0,0:00:00,N/A,0.00,0.00,0.00,0.00,0.00,
MCT,6/21/2023,Arctic Cruises,416,426,8,850,N/A,0,0:00:00,N/A,0.00,0.00,0.00,0.00,0.00,
MCT,6/21/2023,Pacific Cruises,807,918,5,1730,N/A,0,0:00:00,N/A,0.00,0.00,0.00,0.00,0.00,
MCT,6/25/2023,Atlantic Cruises,2696,4736,11,7443,N/A,0,0:00:00,N/A,0.00,0.00,0.00,0.00,0.00,
MCT,6/27/2023,Pacific Cruises,4742,4868,23,9633,N/A,0,0:00:00,N/A,0.00,0.00,0.00,0.00,0.00,
MCT,6/29/2023,Arctic Cruises,1,8,1785,1794,N/A,0,0:00:00,N/A,0.00,0.00,0.00,0.00,0.00,
MCT,7/1/2023,Arctic Cruises,4523,2655,10,7188,N/A,0,0:00:00,N/A,0.00,0.00,0.00,0.00,0.00,
MCT,7/5/2023,Arctic Cruises,4901,4748,21,9670,N/A,0,0:00:00,N/A,0.00,0.00,0.00,0.00,0.00,
MCT,7/9/2023,Pacific Cruises,4570,4516,10,9096,N/A,0,0:00:00,N/A,0.00,0.00,0.00,0.00,0.00,
MCT,7/13/2023,Atlantic Cruises,858,766,8,1632,N/A,0,0:00:00,N/A,0.00,0.00,0.00,0.00,0.00,
MCT,7/13/2023,Oceanic Cruises,4896,4890,20,9806,N/A,0,0:00:00,N/A,0.00,0.00,0.00,0.00,0.00,
MCT,7/16/2023,Atlantic Cruises,4635,4565,19,9219,N/A,0,0:00:00,N/A,0.00,0.00,0.00,0.00,0.00,
MCT,7/17/2023,Arctic Cruises,4949,4891,22,9862,N/A,0,0:00:00,N/A,0.00,0.00,0.00,0.00,0.00,
MCT,7/23/2023,Oceanic Cruises,4614,4633,15,9262,N/A,0,0:00:00,N/A,0.00,0.00,0.00,0.00,0.00,
MCT,7/25/2023,Pacific Cruises,4850,4946,43,9839,N/A,0,0:00:00,N/A,0.00,0.00,0.00,0.00,0.00,
MCT,7/26/2023,Oceanic Cruises,5,5,1854,1864,N/A,0,0:00:00,N/A,0.00,0.00,0.00,0.00,0.00,
MCT,7/30/2023,Oceanic Cruises,4609,4593,15,9217,N/A,0,0:00:00,N/A,0.00,0.00,0.00,0.00,0.00,
MCT,8/1/2023,Oceanic Cruises,592,566,19,1177,N/A,0,0:00:00,N/A,0.00,0.00,0.00,0.00,0.00,
MCT,8/2/2023,Pacific Cruises,4941,4852,22,9815,N/A,0,0:00:00,N/A,0.00,0.00,0.00,0.00,0.00,
MCT,8/6/2023,Arctic Cruises,4577,4606,14,9197,N/A,0,0:00:00,N/A,0.00,0.00,0.00,0.00,0.00,
MCT,8/6/2023,Atlantic Cruises,894,868,10,1772,N/A,0,0:00:00,N/A,0.00,0.00,0.00,0.00,0.00,
MCT,8/9/2023,Pacific Cruises,1,1,1874,1876,N/A,0,0:00:00,N/A,0.00,0.00,0.00,0.00,0.00,
MCT,8/10/2023,Oceanic Cruises,4947,4939,19,9905,N/A,0,0:00:00,N/A,0.00,0.00,0.00,0.00,0.00,
MCT,8/13/2023,Pacific Cruises,4658,4574,14,9246,N/A,0,0:00:00,N/A,0.00,0.00,0.00,0.00,0.00,
MCT,8/14/2023,Pacific Cruises,4806,4949,55,9810,N/A,0,0:00:00,N/A,0.00,0.00,0.00,0.00,0.00,
MCT,8/16/2023,Atlantic Cruises,81,117,1770,1968,N/A,0,0:00:00,N/A,0.00,0.00,0.00,0.00,0.00,
MCT,8/17/2023,Pacific Cruises,358,295,1,654,N/A,0,0:00:00,N/A,0.00,0.00,0.00,0.00,0.00,
MCT,8/19/2023,Pacific Cruises,4770,4805,8,9583,N/A,0,0:00:00,N/A,0.00,0.00,0.00,0.00,0.00,
MCT,8/20/2023,Atlantic Cruises,4475,4670,6,9151,N/A,0,0:00:00,N/A,0.00,0.00,0.00,0.00,0.00,
MCT,8/22/2023,Pacific Cruises,,5146,9,5155,N/A,0,0:00:00,N/A,0.00,0.00,0.00,0.00,0.00,
MCT,8/23/2023,Pacific Cruises,4863,4773,20,9656,N/A,0,0:00:00,N/A,0.00,0.00,0.00,0.00,0.00,
MCT,8/23/2023,Arctic Cruises,,,1759,1759,N/A,0,0:00:00,N/A,0.00,0.00,0.00,0.00,0.00,
MCT,8/27/2023,Atlantic Cruises,4840,5129,24,9993,N/A,0,0:00:00,N/A,0.00,0.00,0.00,0.00,0.00,
MCT,8/30/2023,Arctic Cruises,4560,4461,10,9031,N/A,0,0:00:00,N/A,0.00,0.00,0.00,0.00,0.00,
MCT,8/30/2023,Arctic Cruises,626,600,18,1244,N/A,0,0:00:00,N/A,0.00,0.00,0.00,0.00,0.00,
MCT,8/30/2023,Atlantic Cruises,912,909,,1821,N/A,0,0:00:00,N/A,0.00,0.00,0.00,0.00,0.00,
MCT,8/31/2023,Atlantic Cruises,4611,4863,21,9495,N/A,0,0:00:00,N/A,0.00,0.00,0.00,0.00,0.00,
MCT,9/3/2023,Atlantic Cruises,4268,4851,10,9129,N/A,0,0:00:00,N/A,0.00,0.00,0.00,0.00,0.00,
MCT,9/4/2023,Oceanic Cruises,3605,4547,16,8168,N/A,0,0:00:00,N/A,0.00,0.00,0.00,0.00,0.00,
MCT,9/4/2023,Arctic Cruises,812,874,11,1697,N/A,0,0:00:00,N/A,0.00,0.00,0.00,0.00,0.00,
MCT,9/6/2023,Pacific Cruises,,,1783,1783,N/A,0,0:00:00,N/A,0.00,0.00,0.00,0.00,0.00,
MCT,9/6/2023,Atlantic Cruises,637,638,7,1282,N/A,0,0:00:00,N/A,0.00,0.00,0.00,0.00,0.00,
MCT,9/6/2023,Oceanic Cruises,321,370,,691,N/A,0,0:00:00,N/A,0.00,0.00,0.00,0.00,0.00,
MCT,9/8/2023,Pacific Cruises,4292,4596,33,8921,N/A,0,0:00:00,N/A,0.00,0.00,0.00,0.00,0.00,
MCT,9/10/2023,Atlantic Cruises,4039,4251,13,8303,N/A,0,0:00:00,N/A,0.00,0.00,0.00,0.00,0.00,
MCT,9/11/2023,Oceanic Cruises,1,1,679,681,N/A,0,0:00:00,N/A,0.00,0.00,0.00,0.00,0.00,
MCT,9/13/2023,Arctic Cruises,586,635,7,1228,N/A,0,0:00:00,N/A,0.00,0.00,0.00,0.00,0.00,
MCT,9/15/2023,Oceanic Cruises,303,299,10,612,N/A,0,0:00:00,N/A,0.00,0.00,0.00,0.00,0.00,
MCT,9/15/2023,Pacific Cruises,2000,2017,48,4065,N/A,0,0:00:00,N/A,0.00,0.00,0.00,0.00,0.00,
MCT,9/16/2023,Oceanic Cruises,3962,4241,61,8264,N/A,0,0:00:00,N/A,0.00,0.00,0.00,0.00,0.00,
MCT,9/17/2023,Oceanic Cruises,4288,1026,18,5332,N/A,0,0:00:00,N/A,0.00,0.00,0.00,0.00,0.00,
MCT,9/17/2023,Pacific Cruises,,3000,,3000,N/A,0,0:00:00,N/A,0.00,0.00,0.00,0.00,0.00,
MCT,9/17/2023,Atlantic Cruises,618,633,21,1272,N/A,0,0:00:00,N/A,0.00,0.00,0.00,0.00,0.00,
MCT,9/17/2023,Oceanic Cruises,1988,1932,28,3948,N/A,0,0:00:00,N/A,0.00,0.00,0.00,0.00,0.00,
MCT,9/17/2023,Pacific Cruises,0,0,0,0,N/A,0,0:00:00,N/A,0.00,0.00,0.00,0.00,0.00,
MCT,9/18/2023,Atlantic Cruises,3,3,1598,1604,N/A,0,0:00:00,N/A,0.00,0.00,0.00,0.00,0.00,
MCT,9/20/2023,Atlantic Cruises,629,575,12,1216,N/A,0,0:00:00,N/A,0.00,0.00,0.00,0.00,0.00,
MCT,9/20/2023,Arctic Cruises,4206,3387,46,7639,N/A,0,0:00:00,N/A,0.00,0.00,0.00,0.00,0.00,
MCT,9/23/2023,Oceanic Cruises,4056,3962,66,8084,N/A,0,0:00:00,N/A,0.00,0.00,0.00,0.00,0.00,
MCT,9/24/2023,Atlantic Cruises,,3,202,205,N/A,0,0:00:00,N/A,0.00,0.00,0.00,0.00,0.00,
MCT,9/24/2023,Arctic Cruises,4289,4256,26,8571,N/A,0,0:00:00,N/A,0.00,0.00,0.00,0.00,0.00,
MCT,9/24/2023,Atlantic Cruises,18,4,287,309,N/A,0,0:00:00,N/A,0.00,0.00,0.00,0.00,0.00,
MCT,9/25/2023,Arctic Cruises,3476,4214,41,7731,N/A,0,0:00:00,N/A,0.00,0.00,0.00,0.00,0.00,
MCT,9/25/2023,Oceanic Cruises,214,409,28,651,N/A,0,0:00:00,N/A,0.00,0.00,0.00,0.00,0.00,
MCT,9/27/2023,Arctic Cruises,542,552,88,1182,N/A,0,0:00:00,N/A,0.00,0.00,0.00,0.00,0.00,
MCT,9/27/2023,Atlantic Cruises,884,893,4,1781,N/A,0,0:00:00,N/A,0.00,0.00,0.00,0.00,0.00,
MCT,9/27/2023,Atlantic Cruises,239,225,21,485,N/A,0,0:00:00,N/A,0.00,0.00,0.00,0.00,0.00,
MCT,9/28/2023,Arctic Cruises,3531,2812,17,6360,N/A,0,0:00:00,N/A,0.00,0.00,0.00,0.00,0.00,
MCT,9/29/2023,Oceanic Cruises,3802,4053,98,7953,N/A,0,0:00:00,N/A,0.00,0.00,0.00,0.00,0.00,
MCT,9/30/2023,Atlantic Cruises,17,45,1732,1794,N/A,0,0:00:00,N/A,0.00,0.00,0.00,0.00,0.00,
MCT,10/1/2023,Atlantic Cruises,4341,4295,14,8650,N/A,0,0:00:00,N/A,0.00,0.00,0.00,0.00,0.00,
MCT,10/3/2023,Arctic Cruises,3662,3528,8,7198,N/A,0,0:00:00,N/A,0.00,0.00,0.00,0.00,0.00,
MCT,10/5/2023,Oceanic Cruises,0,2,1572,1574,N/A,0,0:00:00,N/A,0.00,0.00,0.00,0.00,0.00,
MCT,10/5/2023,Pacific Cruises,0,5,314,319,N/A,0,0:00:00,N/A,0.00,0.00,0.00,0.00,0.00,
MCT,10/5/2023,Atlantic Cruises,336,329,6,671,N/A,0,0:00:00,N/A,0.00,0.00,0.00,0.00,0.00,
MCT,10/7/2023,Oceanic Cruises,3636,3662,18,7316,N/A,0,0:00:00,N/A,0.00,0.00,0.00,0.00,0.00,
MCT,10/7/2023,Atlantic Cruises,36,90,0,126,N/A,0,0:00:00,N/A,0.00,0.00,0.00,0.00,0.00,
MCT,10/8/2023,Pacific Cruises,4432,4336,17,8785,N/A,0,0:00:00,N/A,0.00,0.00,0.00,0.00,0.00,
MCT,10/8/2023,Pacific Cruises,53,136,93,282,N/A,0,0:00:00,N/A,0.00,0.00,0.00,0.00,0.00,
MCT,10/8/2023,Oceanic Cruises,12,16,875,903,N/A,0,0:00:00,N/A,0.00,0.00,0.00,0.00,0.00,
MCT,10/9/2023,Oceanic Cruises,641,579,9,1229,N/A,0,0:00:00,N/A,0.00,0.00,0.00,0.00,0.00,
MCT,10/9/2023,Oceanic Cruises,2,11,1143,1156,N/A,0,0:00:00,N/A,0.00,0.00,0.00,0.00,0.00,
MCT,10/11/2023,Atlantic Cruises,0,11,1440,1451,N/A,0,0:00:00,N/A,0.00,0.00,0.00,0.00,0.00,
MCT,10/11/2023,Atlantic Cruises,3896,3561,39,7496,N/A,0,0:00:00,N/A,0.00,0.00,0.00,0.00,0.00,
MCT,10/12/2023,Arctic Cruises,391,369,10,770,N/A,0,0:00:00,N/A,0.00,0.00,0.00,0.00,0.00,
MCT,10/12/2023,Atlantic Cruises,317,363,10,690,N/A,0,0:00:00,N/A,0.00,0.00,0.00,0.00,0.00,
MCT,10/12/2023,Pacific Cruises,12,14,949,975,N/A,0,0:00:00,N/A,0.00,0.00,0.00,0.00,0.00,
MCT,10/13/2023,Pacific Cruises,3822,3632,16,7470,N/A,0,0:00:00,N/A,0.00,0.00,0.00,0.00,0.00,
MCT,10/14/2023,Oceanic Cruises,4021,3888,102,8011,N/A,0,0:00:00,N/A,0.00,0.00,0.00,0.00,0.00,
MCT,10/15/2023,Pacific Cruises,4366,4434,4,8804,N/A,0,0:00:00,N/A,0.00,0.00,0.00,0.00,0.00,
MCT,10/16/2023,Arctic Cruises,3887,3895,39,7821,N/A,0,0:00:00,N/A,0.00,0.00,0.00,0.00,0.00,
MCT,10/17/2023,Pacific Cruises,3421,3821,76,7318,N/A,0,0:00:00,N/A,0.00,0.00,0.00,0.00,0.00,
MCT,10/17/2023,Atlantic Cruises,309,304,81,694,N/A,0,0:00:00,N/A,0.00,0.00,0.00,0.00,0.00,
MCT,10/18/2023,Arctic Cruises,4,1,1610,1615,N/A,0,0:00:00,N/A,0.00,0.00,0.00,0.00,0.00,
MCT,10/19/2023,Arctic Cruises,0,14,275,289,N/A,0,0:00:00,N/A,0.00,0.00,0.00,0.00,0.00,
MCT,10/21/2023,Arctic Cruises,3634,3239,64,6937,N/A,0,0:00:00,N/A,0.00,0.00,0.00,0.00,0.00,
MCT,10/22/2023,Arctic Cruises,4450,4327,38,8815,N/A,0,0:00:00,N/A,0.00,0.00,0.00,0.00,0.00,
MCT,10/23/2023,Arctic Cruises,4289,4071,35,8395,N/A,0,0:00:00,N/A,0.00,0.00,0.00,0.00,0.00,
MCT,10/25/2023,Pacific Cruises,252,333,9,594,N/A,0,0:00:00,N/A,0.00,0.00,0.00,0.00,0.00,
MCT,10/27/2023,Oceanic Cruises,3237,3627,25,6889,N/A,0,0:00:00,N/A,0.00,0.00,0.00,0.00,0.00,
MCT,10/27/2023,Atlantic Cruises,4,0,961,965,N/A,0,0:00:00,N/A,0.00,0.00,0.00,0.00,0.00,
MCT,10/28/2023,Arctic Cruises,3952,4220,74,8246,N/A,0,0:00:00,N/A,0.00,0.00,0.00,0.00,0.00,
MCT,10/29/2023,Oceanic Cruises,4345,4460,25,8830,N/A,0,0:00:00,N/A,0.00,0.00,0.00,0.00,0.00,
MCT,10/29/2023,Atlantic Cruises,5,21,135,161,N/A,0,0:00:00,N/A,0.00,0.00,0.00,0.00,0.00,
MCT,10/29/2023,Pacific Cruises,396,359,34,789,N/A,0,0:00:00,N/A,0.00,0.00,0.00,0.00,0.00,
MCT,10/31/2023,Atlantic Cruises,3782,3237,34,7053,N/A,0,0:00:00,N/A,0.00,0.00,0.00,0.00,0.00,
MCT,10/31/2023,Oceanic Cruises,613,589,38,1240,N/A,0,0:00:00,N/A,0.00,0.00,0.00,0.00,0.00,
MCT,11/2/2023,Pacific Cruises,25,12,321,358,N/A,0,0:00:00,N/A,0.00,0.00,0.00,0.00,0.00,
MCT,11/4/2023,Atlantic Cruises,3939,3178,42,7159,N/A,0,0:00:00,N/A,0.00,0.00,0.00,0.00,0.00,
MCT,11/4/2023,Atlantic Cruises,3762,3781,37,7580,N/A,0,0:00:00,N/A,0.00,0.00,0.00,0.00,0.00,
MCT,11/5/2023,Atlantic Cruises,5082,4346,19,9447,N/A,0,0:00:00,N/A,0.00,0.00,0.00,0.00,0.00,
MCT,11/9/2023,Arctic Cruises,3942,3810,131,7883,N/A,0,0:00:00,N/A,0.00,0.00,0.00,0.00,0.00,
MCT,11/10/2023,Atlantic Cruises,4640,5070,28,9738,N/A,0,0:00:00,N/A,0.00,0.00,0.00,0.00,0.00,
MCT,11/11/2023,Atlantic Cruises,11,3,616,630,N/A,0,0:00:00,N/A,0.00,0.00,0.00,0.00,0.00,
MCT,11/13/2023,Arctic Cruises,7,8,262,277,N/A,0,0:00:00,N/A,0.00,0.00,0.00,0.00,0.00,
MCT,11/15/2023,Arctic Cruises,0,4663,22,4685,N/A,0,0:00:00,N/A,0.00,0.00,0.00,0.00,0.00,
MCT,11/15/2023,Pacific Cruises,0,1961,0,1961,N/A,0,0:00:00,N/A,0.00,0.00,0.00,0.00,0.00,
MCT,11/17/2023,Pacific Cruises,615,476,27,1118,N/A,0,0:00:00,N/A,0.00,0.00,0.00,0.00,0.00,
MCT,11/19/2023,Arctic Cruises,4557,3940,19,8516,N/A,0,0:00:00,N/A,0.00,0.00,0.00,0.00,0.00,
MCT,11/20/2023,Oceanic Cruises,4195,3950,111,8256,N/A,0,0:00:00,N/A,0.00,0.00,0.00,0.00,0.00,
MCT,11/26/2023,Oceanic Cruises,4097,4557,11,8665,N/A,0,0:00:00,N/A,0.00,0.00,0.00,0.00,0.00,
MCT,11/28/2023,Oceanic Cruises,3437,3382,450,7269,N/A,0,0:00:00,N/A,0.00,0.00,0.00,0.00,0.00,
MCT,11/30/2023,Atlantic Cruises,4037,4198,82,8317,N/A,0,0:00:00,N/A,0.00,0.00,0.00,0.00,0.00,
MCT,12/1/2023,Oceanic Cruises,3101,2759,79,5939,N/A,0,0:00:00,N/A,0.00,0.00,0.00,0.00,0.00,
MCT,12/6/2023,Arctic Cruises,4098,4089,20,8207,N/A,0,0:00:00,N/A,0.00,0.00,0.00,0.00,0.00,
MCT,12/10/2023,Pacific Cruises,4428,4113,94,8635,N/A,0,0:00:00,N/A,0.00,0.00,0.00,0.00,0.00,
MCT,12/16/2023,Pacific Cruises,4516,4095,8,8619,N/A,0,0:00:00,N/A,0.00,0.00,0.00,0.00,0.00,
MCT,12/18/2023,Oceanic Cruises,4629,4420,73,9122,N/A,0,0:00:00,N/A,0.00,0.00,0.00,0.00,0.00,
MCT,12/19/2023,Atlantic Cruises,0,1722,0,1722,N/A,0,0:00:00,N/A,0.00,0.00,0.00,0.00,0.00,
MCT,12/21/2023,Pacific Cruises,4582,4511,13,9106,N/A,0,0:00:00,N/A,0.00,0.00,0.00,0.00,0.00,
MCT,12/28/2023,Arctic Cruises,4854,4611,84,9549,N/A,0,0:00:00,N/A,0.00,0.00,0.00,0.00,0.00,
MCT,1/2/2024,Pacific Cruises,4561,4539,13,9113,N/A,0,0:00:00,N/A,0.00,0.00,0.00,0.00,0.00,
MCT,1/6/2024,Atlantic Cruises,4460,4847,52,9359,N/A,0,0:00:00,N/A,0.00,0.00,0.00,0.00,0.00,
MCT,1/12/2024,Atlantic Cruises,4381,4526,24,8931,N/A,0,0:00:00,N/A,0.00,0.00,0.00,0.00,0.00,
MCT,1/14/2024,Oceanic Cruises,4155,4457,80,8692,N/A,0,0:00:00,N/A,0.00,0.00,0.00,0.00,0.00,
MCT,1/17/2024,Pacific Cruises,4077,4368,42,8487,N/A,0,0:00:00,N/A,0.00,0.00,0.00,0.00,0.00,
MCT,1/23/2024,Oceanic Cruises,4125,4152,150,8427,N/A,0,0:00:00,N/A,0.00,0.00,0.00,0.00,0.00,
MCT,1/27/2024,Pacific Cruises,4104,4050,50,8204,N/A,0,0:00:00,N/A,0.00,0.00,0.00,0.00,0.00,
MCT,2/2/2024,Oceanic Cruises,4310,4086,128,8524,N/A,0,0:00:00,N/A,0.00,0.00,0.00,0.00,0.00,
MCT,2/6/2024,Arctic Cruises,4054,4096,46,8196,N/A,0,0:00:00,N/A,0.00,0.00,0.00,0.00,0.00,
MCT,2/11/2024,Arctic Cruises,4107,4314,70,8491,N/A,0,0:00:00,N/A,0.00,0.00,0.00,0.00,0.00,
MCT,2/16/2024,Atlantic Cruises,4542,4057,27,8626,N/A,0,0:00:00,N/A,0.00,0.00,0.00,0.00,0.00,
MCT,2/23/2024,Oceanic Cruises,4211,4091,110,8412,N/A,0,0:00:00,N/A,0.00,0.00,0.00,0.00,0.00,
MCT,2/26/2024,Pacific Cruises,4174,4531,25,8730,N/A,0,0:00:00,N/A,0.00,0.00,0.00,0.00,0.00,
MCT,3/3/2024,Pacific Cruises,4054,4190,93,8337,N/A,0,0:00:00,N/A,0.00,0.00,0.00,0.00,0.00,
MCT,3/7/2024,Pacific Cruises,4368,4182,14,8564,N/A,0,0:00:00,N/A,0.00,0.00,0.00,0.00,0.00,
MCT,3/15/2024,Oceanic Cruises,4270,4030,63,8363,N/A,0,0:00:00,N/A,0.00,0.00,0.00,0.00,0.00,
MCT,3/17/2024,Pacific Cruises,4255,4337,32,8624,N/A,0,0:00:00,N/A,0.00,0.00,0.00,0.00,0.00,
MCT,3/24/2024,Pacific Cruises,4740,4250,29,9019,N/A,0,0:00:00,N/A,0.00,0.00,0.00,0.00,0.00,
MCT,3/25/2024,Arctic Cruises,4639,4261,34,8934,N/A,0,0:00:00,N/A,0.00,0.00,0.00,0.00,0.00,
MCT,3/31/2024,Oceanic Cruises,4715,4698,29,9442,N/A,0,0:00:00,N/A,0.00,0.00,0.00,0.00,0.00,
MCT,4/2/2024,Oceanic Cruises,306,225,1905,2436,N/A,0,0:00:00,N/A,0.00,0.00,0.00,0.00,0.00,
MCT,4/5/2024,Atlantic Cruises,4382,4633,48,9063,N/A,0,0:00:00,N/A,0.00,0.00,0.00,0.00,0.00,
MCT,4/7/2024,Atlantic Cruises,4044,4715,25,8784,N/A,0,0:00:00,N/A,0.00,0.00,0.00,0.00,0.00,
MCT,4/8/2024,Pacific Cruises,5,3,359,367,N/A,0,0:00:00,N/A,0.00,0.00,0.00,0.00,0.00,
MCT,4/8/2024,Arctic Cruises,4081,2,10,4093,N/A,0,0:00:00,N/A,0.00,0.00,0.00,0.00,0.00,
MCT,4/9/2024,Oceanic Cruises,609,638,44,1291,N/A,0,0:00:00,N/A,0.00,0.00,0.00,0.00,0.00,
MCT,4/9/2024,Pacific Cruises,4270,11,8,4289,N/A,0,0:00:00,N/A,0.00,0.00,0.00,0.00,0.00,
MCT,4/14/2024,Oceanic Cruises,4619,4259,15,8893,N/A,0,0:00:00,N/A,0.00,0.00,0.00,0.00,0.00,
MCT,4/15/2024,Arctic Cruises,4190,4375,75,8640,N/A,0,0:00:00,N/A,0.00,0.00,0.00,0.00,0.00,
MCT,4/16/2024,Atlantic Cruises,1,3,362,366,N/A,0,0:00:00,N/A,0.00,0.00,0.00,0.00,0.00,
MCT,4/19/2024,Pacific Cruises,4330,4009,32,8371,N/A,0,0:00:00,N/A,0.00,0.00,0.00,0.00,0.00,
MCT,4/21/2024,Pacific Cruises,4846,4611,15,9472,N/A,0,0:00:00,N/A,0.00,0.00,0.00,0.00,0.00,
MCT,4/24/2024,Arctic Cruises,366,8,2925,3299,N/A,0,0:00:00,N/A,0.00,0.00,0.00,0.00,0.00,
MCT,4/25/2024,Oceanic Cruises,2234,0,11,2245,N/A,0,0:00:00,N/A,0.00,0.00,0.00,0.00,0.00,
MCT,4/26/2024,Arctic Cruises,4253,4187,75,8515,N/A,0,0:00:00,N/A,0.00,0.00,0.00,0.00,0.00,
MCT,4/27/2024,Oceanic Cruises,3025,3151,30,6206,N/A,0,0:00:00,N/A,0.00,0.00,0.00,0.00,0.00,
MCT,4/28/2024,Arctic Cruises,4258,4841,18,9117,N/A,0,0:00:00,N/A,0.00,0.00,0.00,0.00,0.00,
MCT,4/29/2024,Oceanic Cruises,352,339,4,695,N/A,0,0:00:00,N/A,0.00,0.00,0.00,0.00,0.00,
MCT,4/29/2024,Atlantic Cruises,3549,4322,21,7892,N/A,0,0:00:00,N/A,0.00,0.00,0.00,0.00,0.00,
MCT,4/29/2024,Atlantic Cruises,0,0,765,765,N/A,0,0:00:00,N/A,0.00,0.00,0.00,0.00,0.00,
MCT,5/5/2024,Arctic Cruises,4169,4258,15,8442,N/A,0,0:00:00,N/A,0.00,0.00,0.00,0.00,0.00,
MCT,5/6/2024,Arctic Cruises,4071,4242,53,8366,N/A,0,0:00:00,N/A,0.00,0.00,0.00,0.00,0.00,
MCT,5/12/2024,Pacific Cruises,4309,4163,14,8486,N/A,0,0:00:00,N/A,0.00,0.00,0.00,0.00,0.00,
MCT,5/14/2024,Atlantic Cruises,91,0,3,94,N/A,0,0:00:00,N/A,0.00,0.00,0.00,0.00,0.00,
MCT,5/17/2024,Atlantic Cruises,4374,4068,88,8530,N/A,0,0:00:00,N/A,0.00,0.00,0.00,0.00,0.00,
MCT,5/19/2024,Oceanic Cruises,4375,4308,18,8701,N/A,0,0:00:00,N/A,0.00,0.00,0.00,0.00,0.00,
MCT,5/22/2024,Pacific Cruises,1,0,436,437,N/A,0,0:00:00,N/A,0.00,0.00,0.00,0.00,0.00,
MCT,5/26/2024,Pacific Cruises,4458,4371,13,8842,N/A,0,0:00:00,N/A,0.00,0.00,0.00,0.00,0.00,
MCT,5/27/2024,Atlantic Cruises,4607,4376,49,9032,N/A,0,0:00:00,N/A,0.00,0.00,0.00,0.00,0.00,
MCT,6/1/2024,Pacific Cruises,658,421,12,1091,N/A,0,0:00:00,N/A,0.00,0.00,0.00,0.00,0.00,
MCT,6/2/2024,Atlantic Cruises,4556,4460,11,9027,N/A,0,0:00:00,N/A,0.00,0.00,0.00,0.00,0.00,
MCT,6/3/2024,Arctic Cruises,63,13,475,551,N/A,0,0:00:00,N/A,0.00,0.00,0.00,0.00,0.00,
MCT,6/6/2024,Arctic Cruises,4693,4610,41,9344,N/A,0,0:00:00,N/A,0.00,0.00,0.00,0.00,0.00,
MCT,6/9/2024,Pacific Cruises,4268,4556,7,8831,N/A,0,0:00:00,N/A,0.00,0.00,0.00,0.00,0.00,
MCT,6/10/2024,Oceanic Cruises,4910,4691,32,9633,N/A,0,0:00:00,N/A,0.00,0.00,0.00,0.00,0.00,
MCT,6/16/2024,Arctic Cruises,22,76,1307,1405,N/A,0,0:00:00,N/A,0.00,0.00,0.00,0.00,0.00,
MCT,6/16/2024,Arctic Cruises,4457,4249,19,8725,N/A,0,0:00:00,N/A,0.00,0.00,0.00,0.00,0.00,
MCT,6/17/2024,Oceanic Cruises,329,297,18,644,N/A,0,0:00:00,N/A,0.00,0.00,0.00,0.00,0.00,
MCT,6/18/2024,Oceanic Cruises,4923,4908,29,9860,N/A,0,0:00:00,N/A,0.00,0.00,0.00,0.00,0.00,
MCT,6/22/2024,Atlantic Cruises,909,903,5,1817,N/A,0,0:00:00,N/A,0.00,0.00,0.00,0.00,0.00,
MCT,6/23/2024,Pacific Cruises,4582,4460,10,9052,N/A,0,0:00:00,N/A,0.00,0.00,0.00,0.00,0.00,
MCT,6/24/2024,Pacific Cruises,897,875,6,1778,N/A,0,0:00:00,N/A,0.00,0.00,0.00,0.00,0.00,
MCT,6/25/2024,Arctic Cruises,3,5,3020,3028,N/A,0,0:00:00,N/A,0.00,0.00,0.00,0.00,0.00,
MCT,6/26/2024,Oceanic Cruises,4931,4927,27,9885,N/A,0,0:00:00,N/A,0.00,0.00,0.00,0.00,0.00,
MCT,6/30/2024,Oceanic Cruises,4687,4575,10,9272,N/A,0,0:00:00,N/A,0.00,0.00,0.00,0.00,0.00,
MCT,7/4/2024,Arctic Cruises,4706,4926,47,9679,N/A,0,0:00:00,N/A,0.00,0.00,0.00,0.00,0.00,
MCT,7/7/2024,Atlantic Cruises,4528,4687,13,9228,N/A,0,0:00:00,N/A,0.00,0.00,0.00,0.00,0.00,
MCT,7/8/2024,Pacific Cruises,4932,4707,54,9693,N/A,0,0:00:00,N/A,0.00,0.00,0.00,0.00,0.00,
MCT,7/12/2024,Oceanic Cruises,329,276,4,609,N/A,0,0:00:00,N/A,0.00,0.00,0.00,0.00,0.00,
MCT,7/12/2024,Oceanic Cruises,576,332,12,920,N/A,0,0:00:00,N/A,0.00,0.00,0.00,0.00,0.00,
MCT,7/13/2024,Arctic Cruises,131,101,1637,1869,N/A,0,0:00:00,N/A,0.00,0.00,0.00,0.00,0.00,
MCT,7/13/2024,Arctic Cruises,2483,2415,18,4916,N/A,0,0:00:00,N/A,0.00,0.00,0.00,0.00,0.00,
MCT,7/14/2024,Pacific Cruises,4479,4509,27,9015,N/A,0,0:00:00,N/A,0.00,0.00,0.00,0.00,0.00,
MCT,7/16/2024,Atlantic Cruises,4922,4932,21,9875,N/A,0,0:00:00,N/A,0.00,0.00,0.00,0.00,0.00,
MCT,7/21/2024,Oceanic Cruises,4384,4481,18,8883,N/A,0,0:00:00,N/A,0.00,0.00,0.00,0.00,0.00,
MCT,7/24/2024,Atlantic Cruises,4934,4921,15,9870,N/A,0,0:00:00,N/A,0.00,0.00,0.00,0.00,0.00,
MCT,7/28/2024,Arctic Cruises,4549,4382,14,8945,N/A,0,0:00:00,N/A,0.00,0.00,0.00,0.00,0.00,
MCT,8/1/2024,Atlantic Cruises,4719,4936,26,9681,N/A,0,0:00:00,N/A,0.00,0.00,0.00,0.00,0.00,
MCT,8/4/2024,Pacific Cruises,4402,4554,11,8967,N/A,0,0:00:00,N/A,0.00,0.00,0.00,0.00,0.00,
MCT,8/5/2024,Oceanic Cruises,4925,4718,19,9662,N/A,0,0:00:00,N/A,0.00,0.00,0.00,0.00,0.00,
MCT,8/5/2024,Oceanic Cruises,311,225,2,538,N/A,0,0:00:00,N/A,0.00,0.00,0.00,0.00,0.00,
MCT,8/7/2024,Arctic Cruises,280,284,121,685,N/A,0,0:00:00,N/A,0.00,0.00,0.00,0.00,0.00,
MCT,8/8/2024,Pacific Cruises,2343,2384,2,4729,N/A,0,0:00:00,N/A,0.00,0.00,0.00,0.00,0.00,
MCT,8/11/2024,Pacific Cruises,4408,4393,11,8812,N/A,0,0:00:00,N/A,0.00,0.00,0.00,0.00,0.00,
MCT,8/13/2024,Oceanic Cruises,4898,4923,33,9854,N/A,0,0:00:00,N/A,0.00,0.00,0.00,0.00,0.00,
MCT,8/15/2024,Pacific Cruises,342,339,1,682,N/A,0,0:00:00,N/A,0.00,0.00,0.00,0.00,0.00,
MCT,8/18/2024,Arctic Cruises,4349,4395,20,8764,N/A,0,0:00:00,N/A,0.00,0.00,0.00,0.00,0.00,
MCT,8/20/2024,Pacific Cruises,4737,0,0,4737,N/A,0,0:00:00,N/A,0.00,0.00,0.00,0.00,0.00,
MCT,8/22/2024,Atlantic Cruises,4261,4686,15,8962,N/A,0,0:00:00,N/A,0.00,0.00,0.00,0.00,0.00,
MCT,8/25/2024,Oceanic Cruises,4468,0,30,4498,N/A,0,0:00:00,N/A,0.00,0.00,0.00,0.00,0.00,
MCT,8/27/2024,Oceanic Cruises,4687,4712,21,9420,N/A,0,0:00:00,N/A,0.00,0.00,0.00,0.00,0.00,
MCT,8/28/2024,Atlantic Cruises,4604,4347,17,8968,N/A,0,0:00:00,N/A,0.00,0.00,0.00,0.00,0.00,
MCT,8/29/2024,Arctic Cruises,316,321,3,640,N/A,0,0:00:00,N/A,0.00,0.00,0.00,0.00,0.00,
MCT,8/31/2024,Arctic Cruises,424,398,12,834,N/A,0,0:00:00,N/A,0.00,0.00,0.00,0.00,0.00,
MCT,8/31/2024,Atlantic Cruises,4261,4686,15,8962,N/A,0,0:00:00,N/A,0.00,0.00,0.00,0.00,0.00,
MCT,9/1/2024,Pacific Cruises,576,528,67,1171,N/A,0,0:00:00,N/A,0.00,0.00,0.00,0.00,0.00,
MCT,9/1/2024,Atlantic Cruises,4032,4462,2,8496,N/A,0,0:00:00,N/A,0.00,0.00,0.00,0.00,0.00,
MCT,9/2/2024,Arctic Cruises,3476,4606,23,8105,N/A,0,0:00:00,N/A,0.00,0.00,0.00,0.00,0.00,
MCT,9/2/2024,Oceanic Cruises,2,5,865,872,N/A,0,0:00:00,N/A,0.00,0.00,0.00,0.00,0.00,
MCT,9/3/2024,Oceanic Cruises,13,49,1714,1776,N/A,0,0:00:00,N/A,0.00,0.00,0.00,0.00,0.00,
MCT,9/7/2024,Arctic Cruises,4030,4259,76,8365,N/A,0,0:00:00,N/A,0.00,0.00,0.00,0.00,0.00,
MCT,9/8/2024,Arctic Cruises,613,601,25,1239,N/A,0,0:00:00,N/A,0.00,0.00,0.00,0.00,0.00,
MCT,9/8/2024,Oceanic Cruises,3888,4020,7,7915,N/A,0,0:00:00,N/A,0.00,0.00,0.00,0.00,0.00,
MCT,9/9/2024,Arctic Cruises,673,690,24,1387,N/A,0,0:00:00,N/A,0.00,0.00,0.00,0.00,0.00,
MCT,9/14/2024,Oceanic Cruises,4081,4034,78,8193,N/A,0,0:00:00,N/A,0.00,0.00,0.00,0.00,0.00,
MCT,9/14/2024,Arctic Cruises,429,339,115,883,N/A,0,0:00:00,N/A,0.00,0.00,0.00,0.00,0.00,
MCT,9/15/2024,Pacific Cruises,584,585,41,1210,N/A,0,0:00:00,N/A,0.00,0.00,0.00,0.00,0.00,
MCT,9/15/2024,Arctic Cruises,3896,3885,2,7783,N/A,0,0:00:00,N/A,0.00,0.00,0.00,0.00,0.00,
MCT,9/17/2024,Oceanic Cruises,3483,3412,208,7103,N/A,0,0:00:00,N/A,0.00,0.00,0.00,0.00,0.00,
MCT,9/18/2024,Oceanic Cruises,324,329,3,656,N/A,0,0:00:00,N/A,0.00,0.00,0.00,0.00,0.00,
MCT,9/18/2024,Oceanic Cruises,5,5,1926,1936,N/A,0,0:00:00,N/A,0.00,0.00,0.00,0.00,0.00,
MCT,9/21/2024,Pacific Cruises,4201,4083,40,8324,N/A,0,0:00:00,N/A,0.00,0.00,0.00,0.00,0.00,
MCT,9/22/2024,Atlantic Cruises,3914,3891,2,7807,N/A,0,0:00:00,N/A,0.00,0.00,0.00,0.00,0.00,
MCT,9/23/2024,Arctic Cruises,871,837,12,1720,N/A,0,0:00:00,N/A,0.00,0.00,0.00,0.00,0.00,
MCT,9/27/2024,Oceanic Cruises,4192,4204,46,8442,N/A,0,0:00:00,N/A,0.00,0.00,0.00,0.00,0.00,
MCT,9/28/2024,Pacific Cruises,1757,1736,38,3531,N/A,0,0:00:00,N/A,0.00,0.00,0.00,0.00,0.00,
MCT,9/29/2024,Arctic Cruises,3764,3907,4,7675,N/A,0,0:00:00,N/A,0.00,0.00,0.00,0.00,0.00,
MCT,10/1/2024,Pacific Cruises,3,193,0,196,N/A,0,0:00:00,N/A,0.00,0.00,0.00,0.00,0.00,
MCT,10/2/2024,Atlantic Cruises,24,22,3324,3370,N/A,0,0:00:00,N/A,0.00,0.00,0.00,0.00,0.00,
MCT,10/2/2024,Pacific Cruises,4176,3509,39,7724,N/A,0,0:00:00,N/A,0.00,0.00,0.00,0.00,0.00,
MCT,10/4/2024,Oceanic Cruises,0,4,853,857,N/A,0,0:00:00,N/A,0.00,0.00,0.00,0.00,0.00,
MCT,10/4/2024,Arctic Cruises,4161,4192,79,8432,N/A,0,0:00:00,N/A,0.00,0.00,0.00,0.00,0.00,
MCT,10/5/2024,Atlantic Cruises,5,197,0,202,N/A,0,0:00:00,N/A,0.00,0.00,0.00,0.00,0.00,
MCT,10/6/2024,Oceanic Cruises,3966,3761,4,7731,N/A,0,0:00:00,N/A,0.00,0.00,0.00,0.00,0.00,
MCT,10/6/2024,Pacific Cruises,426,415,11,852,N/A,0,0:00:00,N/A,0.00,0.00,0.00,0.00,0.00,
MCT,10/7/2024,Atlantic Cruises,3921,4204,7,8132,N/A,0,0:00:00,N/A,0.00,0.00,0.00,0.00,0.00,
MCT,10/8/2024,Pacific Cruises,360,330,3,693,N/A,0,0:00:00,N/A,0.00,0.00,0.00,0.00,0.00,
MCT,10/11/2024,Atlantic Cruises,3898,3898,26,7822,N/A,0,0:00:00,N/A,0.00,0.00,0.00,0.00,0.00,
MCT,10/11/2024,Arctic Cruises,146,187,0,333,N/A,0,0:00:00,N/A,0.00,0.00,0.00,0.00,0.00,
MCT,10/13/2024,Oceanic Cruises,3991,3968,0,7959,N/A,0,0:00:00,N/A,0.00,0.00,0.00,0.00,0.00,
MCT,10/14/2024,Arctic Cruises,3990,4156,159,8305,N/A,0,0:00:00,N/A,0.00,0.00,0.00,0.00,0.00,
MCT,10/15/2024,Pacific Cruises,3,99,3354,3456,N/A,0,0:00:00,N/A,0.00,0.00,0.00,0.00,0.00,
MCT,10/16/2024,Arctic Cruises,0,3906,8,3914,N/A,0,0:00:00,N/A,0.00,0.00,0.00,0.00,0.00,
MCT,10/16/2024,Oceanic Cruises,0,38,1275,1313,N/A,0,0:00:00,N/A,0.00,0.00,0.00,0.00,0.00,
MCT,10/16/2024,Pacific Cruises,17,94,1483,1594,N/A,0,0:00:00,N/A,0.00,0.00,0.00,0.00,0.00,
MCT,10/17/2024,Atlantic Cruises,595,587,3,1185,N/A,0,0:00:00,N/A,0.00,0.00,0.00,0.00,0.00,
MCT,10/18/2024,Oceanic Cruises,421,425,25,871,N/A,0,0:00:00,N/A,0.00,0.00,0.00,0.00,0.00,
MCT,10/19/2024,Oceanic Cruises,2,6,349,357,N/A,0,0:00:00,N/A,0.00,0.00,0.00,0.00,0.00,
MCT,10/20/2024,Atlantic Cruises,3931,3976,3,7910,N/A,0,0:00:00,N/A,0.00,0.00,0.00,0.00,0.00,
MCT,10/21/2024,Atlantic Cruises,1783,7,3,1793,N/A,0,0:00:00,N/A,0.00,0.00,0.00,0.00,0.00,
MCT,10/23/2024,Pacific Cruises,554,588,56,1198,N/A,0,0:00:00,N/A,0.00,0.00,0.00,0.00,0.00,
MCT,10/25/2024,Oceanic Cruises,4162,3984,83,8229,N/A,0,0:00:00,N/A,0.00,0.00,0.00,0.00,0.00,
MCT,10/25/2024,Pacific Cruises,3,22,2916,2941,N/A,0,0:00:00,N/A,0.00,0.00,0.00,0.00,0.00,
MCT,10/27/2024,Arctic Cruises,7,9,422,438,N/A,0,0:00:00,N/A,0.00,0.00,0.00,0.00,0.00,
MCT,10/27/2024,Pacific Cruises,3881,3901,48,7830,N/A,0,0:00:00,N/A,0.00,0.00,0.00,0.00,0.00,
MCT,10/28/2024,Arctic Cruises,283,323,17,623,N/A,0,0:00:00,N/A,0.00,0.00,0.00,0.00,0.00,
MCT,11/1/2024,Atlantic Cruises,9,27,249,285,N/A,0,0:00:00,N/A,0.00,0.00,0.00,0.00,0.00,
MCT,11/2/2024,Oceanic Cruises,1,5,624,630,N/A,0,0:00:00,N/A,0.00,0.00,0.00,0.00,0.00,
MCT,11/3/2024,Pacific Cruises,4276,3896,27,8199,N/A,0,0:00:00,N/A,0.00,0.00,0.00,0.00,0.00,
MCT,11/4/2024,Oceanic Cruises,4086,4148,88,8322,N/A,0,0:00:00,N/A,0.00,0.00,0.00,0.00,0.00,
MCT,11/5/2024,Atlantic Cruises,0,0,638,638,N/A,0,0:00:00,N/A,0.00,0.00,0.00,0.00,0.00,
MCT,11/8/2024,Atlantic Cruises,540,585,40,1165,N/A,0,0:00:00,N/A,0.00,0.00,0.00,0.00,0.00,
MCT,11/10/2024,Arctic Cruises,4149,4265,14,8428,N/A,0,0:00:00,N/A,0.00,0.00,0.00,0.00,0.00,
MCT,11/15/2024,Oceanic Cruises,4299,4067,90,8456,N/A,0,0:00:00,N/A,0.00,0.00,0.00,0.00,0.00,
MCT,11/17/2024,Oceanic Cruises,0,4161,21,4182,N/A,0,0:00:00,N/A,0.00,0.00,0.00,0.00,0.00,
MCT,11/18/2024,Atlantic Cruises,1,1,240,242,N/A,0,0:00:00,N/A,0.00,0.00,0.00,0.00,0.00,
MCT,11/19/2024,Arctic Cruises,531,558,81,1170,N/A,0,0:00:00,N/A,0.00,0.00,0.00,0.00,0.00,
MCT,11/23/2024,Atlantic Cruises,3398,2891,21,6310,N/A,0,0:00:00,N/A,0.00,0.00,0.00,0.00,0.00,
MCT,11/24/2024,Atlantic Cruises,4067,4302,76,8445,N/A,0,0:00:00,N/A,0.00,0.00,0.00,0.00,0.00,
MCT,11/30/2024,Oceanic Cruises,3032,3388,24,6444,N/A,0,0:00:00,N/A,0.00,0.00,0.00,0.00,0.00,
MCT,12/6/2024,Pacific Cruises,3900,4053,165,8118,N/A,0,0:00:00,N/A,0.00,0.00,0.00,0.00,0.00,
MCT,12/11/2024,Oceanic Cruises,3242,3014,21,6277,N/A,0,0:00:00,N/A,0.00,0.00,0.00,0.00,0.00,
MCT,12/21/2024,Atlantic Cruises,3534,3241,8,6783,N/A,0,0:00:00,N/A,0.00,0.00,0.00,0.00,0.00,
