CallID,VesselName,ArrivalDate
9760512-260103,MSC Meraviglia,1/3/2026
9241061-260105,Queen Mary 2,1/5/2026
9760512-260110,MSC Meraviglia,1/10/2026
9760512-260115,MSC Meraviglia,1/15/2026
9241061-260118,Queen Mary 2,1/18/2026
9760512-260120,MSC Meraviglia,1/20/2026
9760512-260129,MSC Meraviglia,1/29/2026
9241061-260202,Queen Mary 2,2/2/2026
9760512-260206,MSC Meraviglia,2/6/2026
9760512-260210,MSC Meraviglia,2/10/2026
9760512-260214,MSC Meraviglia,2/14/2026
9760512-260219,MSC Meraviglia,2/19/2026
9807126-260222,Enchanted Princess,2/22/2026
9241061-260301,Queen Mary 2,3/1/2026
9760512-260306,MSC Meraviglia,3/6/2026
9807126-260311,Enchanted Princess,3/11/2026
9760512-260316,MSC Meraviglia,3/16/2026
9807126-260323,Enchanted Princess,3/23/2026
9241061-260328,Queen Mary 2,3/28/2026
,,
,,
,,
,,
,,
,,
,,
,,
,,
,,
,,
,,
,,
,,
,,
,,
,,
,,
,,
,,
,,
,,
,,
,,
,,
,,
,,
,,
,,
,,
,,
,,
,,
,,
,,
,,
,,
,,
,,
,,
,,
,,
,,
,,
,,
,,
,,
,,
,,
,,
,,
,,
,,
,,
,,
,,
,,
,,
,,
,,
,,
,,
,,
,,
,,
,,
,,
,,
,,
,,
,,
,,
,,
,,
,,
,,
,,
,,
,,
,,
,,
,,
,,
,,
,,
,,
,,
,,
,,
,,
,,
,,
,,
,,
,,
,,
,,
,,
,,
,,
,,
,,
,,
,,
,,
,,
,,
,,
,,
,,
,,
,,
,,
,,
,,
,,
,,
,,
,,
,,
,,
,,
,,
,,
,,
,,
,,
,,
,,
,,
,,
,,
,,
,,
,,
,,
,,
,,
,,
,,
,,
,,
,,
,,
,,
,,
,,
,,
,,
,,
,,
,,
,,
